Funcionario_ID,Treinamento,Horas,Ano
2877,Programação,26,2024
2446,Design Thinking,11,2023
270,Programação,17,2022
819,Gestão de Projetos,36,2021
822,Design Thinking,27,2024
153,Design Thinking,18,2020
1178,Design Thinking,19,2020
2069,Design Thinking,18,2024
652,Gestão de Projetos,7,2024
2130,Liderança,6,2020
1903,Técnicas de Venda,36,2024
265,Gestão de Projetos,21,2020
2791,Liderança,10,2023
2019,Liderança,23,2024
2399,Design Thinking,27,2021
231,Design Thinking,32,2021
1108,Liderança,36,2020
87,Liderança,12,2022
592,Programação,28,2022
1467,Gestão de Projetos,20,2022
721,Programação,12,2020
1916,Gestão de Projetos,30,2020
999,Técnicas de Venda,4,2024
1966,Design Thinking,5,2024
62,Programação,22,2024
2031,Liderança,33,2021
937,Programação,9,2021
469,Gestão de Projetos,10,2022
2434,Técnicas de Venda,21,2021
198,Programação,13,2023
1353,Design Thinking,26,2024
1226,Técnicas de Venda,32,2020
2604,Design Thinking,19,2022
220,Gestão de Projetos,22,2021
600,Técnicas de Venda,13,2023
1637,Programação,7,2024
2850,Liderança,14,2022
1359,Design Thinking,16,2020
927,Design Thinking,27,2022
1170,Gestão de Projetos,38,2024
398,Programação,17,2021
753,Técnicas de Venda,7,2020
1311,Técnicas de Venda,26,2020
586,Programação,33,2022
865,Gestão de Projetos,40,2021
1671,Programação,11,2024
117,Gestão de Projetos,17,2022
473,Gestão de Projetos,11,2023
1158,Técnicas de Venda,29,2023
1645,Programação,22,2023
1339,Técnicas de Venda,16,2020
1257,Programação,21,2023
525,Design Thinking,16,2020
2629,Programação,14,2022
1024,Técnicas de Venda,33,2020
605,Liderança,11,2023
2076,Gestão de Projetos,5,2022
529,Liderança,40,2020
305,Design Thinking,34,2024
555,Gestão de Projetos,7,2022
2660,Design Thinking,31,2022
1206,Programação,11,2020
869,Técnicas de Venda,20,2021
896,Técnicas de Venda,36,2022
1371,Liderança,11,2022
2480,Técnicas de Venda,24,2022
1711,Liderança,4,2021
125,Gestão de Projetos,26,2024
1973,Técnicas de Venda,13,2022
936,Liderança,15,2023
2559,Programação,26,2022
2430,Programação,36,2020
2982,Gestão de Projetos,30,2022
1,Liderança,36,2021
544,Técnicas de Venda,7,2024
130,Gestão de Projetos,5,2022
1988,Liderança,22,2020
183,Liderança,9,2023
1863,Programação,38,2021
1203,Técnicas de Venda,6,2024
2103,Liderança,33,2020
2176,Programação,4,2021
2800,Gestão de Projetos,39,2020
2915,Gestão de Projetos,14,2020
2473,Design Thinking,33,2021
1590,Design Thinking,30,2024
1648,Programação,11,2023
171,Técnicas de Venda,17,2021
674,Técnicas de Venda,19,2021
53,Liderança,7,2021
23,Liderança,37,2023
1624,Design Thinking,20,2022
480,Gestão de Projetos,17,2021
2937,Liderança,8,2021
167,Técnicas de Venda,32,2024
420,Técnicas de Venda,6,2021
1825,Liderança,35,2023
2644,Técnicas de Venda,32,2022
2234,Design Thinking,26,2020
1685,Gestão de Projetos,22,2022
2341,Gestão de Projetos,11,2024
103,Técnicas de Venda,13,2022
553,Design Thinking,18,2020
2676,Programação,15,2023
2221,Programação,31,2024
310,Gestão de Projetos,27,2021
400,Gestão de Projetos,38,2021
986,Gestão de Projetos,40,2024
499,Gestão de Projetos,13,2021
680,Técnicas de Venda,19,2020
669,Programação,24,2021
1492,Gestão de Projetos,10,2024
2199,Design Thinking,14,2022
1356,Técnicas de Venda,13,2021
69,Programação,33,2023
892,Design Thinking,4,2022
2562,Liderança,14,2021
462,Liderança,35,2023
1661,Programação,40,2024
922,Liderança,22,2024
2668,Técnicas de Venda,7,2022
1066,Programação,37,2021
2901,Técnicas de Venda,36,2020
1772,Gestão de Projetos,6,2021
453,Programação,10,2023
104,Técnicas de Venda,17,2024
1527,Liderança,39,2020
152,Liderança,4,2022
2506,Liderança,18,2020
2642,Programação,18,2024
1269,Técnicas de Venda,23,2020
411,Gestão de Projetos,26,2021
87,Gestão de Projetos,13,2024
838,Técnicas de Venda,23,2020
1575,Programação,33,2020
2204,Técnicas de Venda,5,2024
1122,Gestão de Projetos,19,2021
464,Técnicas de Venda,39,2020
2016,Gestão de Projetos,20,2020
1468,Programação,12,2023
508,Técnicas de Venda,18,2020
2662,Gestão de Projetos,26,2021
1550,Gestão de Projetos,34,2022
1964,Programação,30,2024
2992,Técnicas de Venda,36,2023
2927,Gestão de Projetos,34,2022
941,Gestão de Projetos,32,2021
897,Gestão de Projetos,27,2022
2234,Técnicas de Venda,8,2022
1623,Design Thinking,24,2021
787,Técnicas de Venda,24,2022
1871,Liderança,21,2024
219,Técnicas de Venda,27,2022
111,Técnicas de Venda,30,2022
1530,Design Thinking,22,2022
564,Liderança,9,2022
687,Programação,36,2024
308,Técnicas de Venda,40,2020
2471,Programação,26,2020
540,Programação,23,2022
2528,Gestão de Projetos,24,2023
1781,Técnicas de Venda,37,2022
1098,Liderança,39,2022
1139,Técnicas de Venda,6,2022
2256,Gestão de Projetos,13,2022
97,Liderança,24,2021
2814,Liderança,34,2021
96,Programação,27,2021
2104,Design Thinking,40,2024
2178,Programação,6,2023
1429,Liderança,11,2023
116,Liderança,34,2020
2175,Liderança,4,2023
1952,Liderança,19,2023
830,Gestão de Projetos,27,2020
1559,Técnicas de Venda,26,2022
899,Gestão de Projetos,32,2021
2705,Programação,38,2024
11,Programação,7,2020
1817,Técnicas de Venda,31,2021
319,Gestão de Projetos,31,2022
2402,Técnicas de Venda,28,2020
2969,Gestão de Projetos,15,2022
2915,Técnicas de Venda,15,2023
2366,Liderança,27,2021
1775,Liderança,32,2024
83,Gestão de Projetos,12,2022
436,Liderança,38,2021
2452,Design Thinking,37,2020
1230,Liderança,8,2022
2022,Gestão de Projetos,16,2024
1170,Gestão de Projetos,34,2021
1506,Programação,29,2021
1675,Técnicas de Venda,34,2023
2204,Gestão de Projetos,25,2020
1123,Programação,38,2022
1917,Liderança,19,2020
2567,Técnicas de Venda,5,2024
1319,Gestão de Projetos,39,2024
1911,Design Thinking,20,2024
1023,Programação,20,2024
1637,Técnicas de Venda,28,2023
1644,Liderança,19,2021
89,Design Thinking,29,2024
889,Técnicas de Venda,38,2022
32,Técnicas de Venda,23,2022
169,Técnicas de Venda,23,2021
2296,Liderança,39,2023
1209,Programação,11,2021
413,Liderança,4,2023
1382,Gestão de Projetos,29,2020
1398,Design Thinking,25,2021
641,Programação,17,2020
1433,Técnicas de Venda,18,2023
1780,Design Thinking,4,2020
679,Gestão de Projetos,33,2020
1009,Gestão de Projetos,20,2023
2324,Design Thinking,9,2020
1891,Técnicas de Venda,15,2024
1658,Gestão de Projetos,15,2024
2660,Gestão de Projetos,9,2022
1264,Técnicas de Venda,5,2021
2272,Liderança,15,2023
1467,Programação,39,2020
186,Design Thinking,24,2020
2112,Técnicas de Venda,25,2021
1660,Design Thinking,29,2024
509,Design Thinking,37,2020
1218,Gestão de Projetos,10,2020
1694,Liderança,35,2022
196,Design Thinking,9,2021
986,Técnicas de Venda,7,2022
1879,Design Thinking,6,2020
1751,Técnicas de Venda,16,2022
1123,Design Thinking,12,2020
2346,Programação,16,2024
1070,Design Thinking,6,2022
483,Programação,18,2020
1371,Gestão de Projetos,28,2022
2007,Gestão de Projetos,37,2022
814,Gestão de Projetos,40,2024
564,Técnicas de Venda,30,2020
2289,Liderança,19,2022
294,Técnicas de Venda,20,2021
497,Técnicas de Venda,33,2023
89,Programação,12,2024
1999,Design Thinking,15,2023
1419,Gestão de Projetos,25,2021
1350,Técnicas de Venda,30,2021
559,Design Thinking,33,2023
2248,Programação,29,2021
723,Liderança,22,2023
2712,Gestão de Projetos,15,2020
2105,Técnicas de Venda,35,2020
899,Programação,10,2023
2792,Liderança,9,2023
2321,Técnicas de Venda,22,2022
2588,Programação,32,2023
1211,Liderança,29,2021
784,Programação,16,2024
2036,Liderança,28,2022
1365,Liderança,8,2024
27,Técnicas de Venda,15,2020
2252,Técnicas de Venda,6,2023
1000,Programação,29,2020
594,Gestão de Projetos,10,2020
799,Programação,17,2023
2579,Liderança,37,2024
624,Gestão de Projetos,7,2024
1930,Gestão de Projetos,34,2021
878,Programação,32,2023
2220,Liderança,30,2023
266,Gestão de Projetos,5,2023
1960,Gestão de Projetos,12,2020
1465,Programação,24,2022
203,Programação,6,2021
1122,Técnicas de Venda,36,2022
1667,Programação,26,2024
1984,Gestão de Projetos,38,2022
1462,Design Thinking,16,2023
163,Liderança,13,2024
2264,Liderança,27,2024
2759,Gestão de Projetos,20,2022
2388,Design Thinking,30,2024
2621,Design Thinking,25,2023
2228,Técnicas de Venda,31,2024
421,Gestão de Projetos,6,2020
1290,Liderança,17,2021
2629,Programação,35,2022
902,Design Thinking,15,2022
1197,Programação,37,2023
76,Liderança,10,2021
2518,Liderança,38,2022
882,Programação,30,2022
2818,Design Thinking,22,2024
1116,Programação,14,2020
2628,Liderança,19,2020
230,Gestão de Projetos,8,2021
1683,Liderança,4,2020
1907,Liderança,16,2024
570,Programação,16,2021
1576,Gestão de Projetos,7,2020
421,Técnicas de Venda,28,2020
2309,Design Thinking,4,2022
674,Liderança,16,2023
2722,Técnicas de Venda,38,2024
2609,Técnicas de Venda,29,2024
319,Liderança,19,2024
707,Gestão de Projetos,35,2020
686,Gestão de Projetos,21,2022
523,Design Thinking,16,2022
800,Técnicas de Venda,29,2024
2046,Técnicas de Venda,24,2023
2736,Programação,15,2023
1063,Programação,25,2024
2792,Técnicas de Venda,29,2021
603,Gestão de Projetos,7,2024
1418,Programação,26,2022
244,Técnicas de Venda,34,2023
744,Programação,11,2024
1707,Design Thinking,22,2023
328,Programação,24,2024
2067,Liderança,27,2022
1090,Liderança,25,2023
592,Gestão de Projetos,9,2023
2671,Gestão de Projetos,19,2023
686,Programação,31,2024
2097,Programação,39,2023
477,Gestão de Projetos,36,2024
2042,Design Thinking,19,2022
740,Gestão de Projetos,39,2022
2150,Design Thinking,39,2024
598,Liderança,24,2023
767,Programação,39,2023
1114,Design Thinking,24,2024
934,Gestão de Projetos,6,2024
92,Programação,33,2024
1308,Programação,10,2020
2448,Técnicas de Venda,29,2021
1392,Técnicas de Venda,22,2020
1767,Gestão de Projetos,11,2020
2763,Gestão de Projetos,31,2020
376,Liderança,14,2022
278,Liderança,39,2023
1030,Gestão de Projetos,39,2023
1248,Técnicas de Venda,37,2022
2425,Programação,21,2020
82,Design Thinking,19,2022
1235,Design Thinking,31,2020
1518,Design Thinking,8,2022
2789,Liderança,23,2020
2902,Design Thinking,24,2020
890,Liderança,39,2022
714,Design Thinking,29,2024
2767,Programação,26,2022
890,Programação,40,2022
1498,Técnicas de Venda,37,2024
2983,Gestão de Projetos,21,2021
2912,Gestão de Projetos,14,2023
1926,Técnicas de Venda,26,2021
1778,Gestão de Projetos,18,2024
1298,Liderança,15,2022
791,Técnicas de Venda,32,2020
945,Programação,7,2020
737,Gestão de Projetos,25,2024
2803,Liderança,8,2020
1849,Design Thinking,25,2020
70,Gestão de Projetos,35,2023
448,Programação,33,2020
2065,Design Thinking,20,2024
1305,Gestão de Projetos,11,2023
39,Liderança,28,2021
1510,Programação,39,2024
238,Gestão de Projetos,7,2021
10,Design Thinking,7,2021
1297,Design Thinking,34,2022
495,Programação,38,2024
353,Design Thinking,13,2020
1201,Gestão de Projetos,5,2020
2905,Design Thinking,31,2022
995,Liderança,15,2022
2935,Gestão de Projetos,19,2020
780,Gestão de Projetos,36,2022
2357,Técnicas de Venda,29,2022
2801,Design Thinking,32,2023
2301,Liderança,13,2022
632,Técnicas de Venda,8,2021
2082,Design Thinking,12,2021
2975,Liderança,5,2021
2790,Programação,30,2021
758,Programação,22,2024
67,Programação,12,2024
673,Programação,17,2021
689,Liderança,7,2022
1633,Design Thinking,15,2021
2338,Técnicas de Venda,18,2020
1969,Liderança,6,2020
535,Design Thinking,10,2022
2321,Liderança,28,2021
1004,Programação,8,2024
1121,Liderança,4,2021
896,Programação,11,2024
2502,Design Thinking,39,2023
1647,Liderança,28,2023
1139,Liderança,27,2021
2848,Técnicas de Venda,9,2022
1705,Design Thinking,20,2023
1423,Técnicas de Venda,21,2023
145,Técnicas de Venda,32,2023
1597,Liderança,28,2023
1003,Gestão de Projetos,31,2024
1310,Design Thinking,34,2021
412,Gestão de Projetos,4,2023
686,Design Thinking,26,2021
1781,Gestão de Projetos,30,2020
311,Liderança,24,2023
2213,Liderança,4,2022
1697,Técnicas de Venda,9,2024
1983,Design Thinking,23,2022
677,Gestão de Projetos,13,2021
2466,Liderança,38,2024
2319,Gestão de Projetos,13,2020
1894,Design Thinking,37,2022
1620,Design Thinking,30,2021
38,Liderança,22,2022
2043,Técnicas de Venda,25,2023
463,Liderança,11,2021
1702,Liderança,38,2021
2734,Design Thinking,31,2022
2728,Design Thinking,18,2020
2018,Liderança,16,2024
286,Design Thinking,33,2021
2059,Liderança,36,2024
2213,Programação,13,2023
1953,Design Thinking,31,2021
2130,Design Thinking,21,2020
1907,Programação,4,2020
1222,Programação,22,2021
2301,Liderança,6,2023
2005,Programação,12,2022
1262,Gestão de Projetos,26,2023
800,Gestão de Projetos,25,2024
832,Liderança,33,2022
1074,Liderança,35,2022
2321,Gestão de Projetos,31,2024
583,Design Thinking,29,2021
1190,Programação,5,2024
654,Programação,19,2022
2165,Técnicas de Venda,33,2024
1175,Gestão de Projetos,38,2022
701,Programação,40,2024
675,Gestão de Projetos,10,2021
2404,Gestão de Projetos,24,2020
2064,Programação,11,2024
647,Liderança,23,2023
493,Design Thinking,9,2020
1857,Liderança,24,2024
424,Design Thinking,23,2024
1536,Técnicas de Venda,27,2022
1906,Programação,4,2023
2845,Técnicas de Venda,34,2021
291,Programação,28,2021
63,Design Thinking,39,2021
459,Programação,30,2024
2492,Técnicas de Venda,39,2023
934,Liderança,35,2022
2989,Liderança,8,2022
76,Técnicas de Venda,31,2022
979,Programação,24,2022
1678,Técnicas de Venda,10,2022
2478,Liderança,20,2023
2992,Técnicas de Venda,40,2020
2146,Liderança,35,2024
2422,Programação,40,2021
645,Liderança,16,2024
801,Técnicas de Venda,27,2020
2844,Gestão de Projetos,36,2021
498,Programação,16,2023
1365,Técnicas de Venda,5,2021
2508,Gestão de Projetos,23,2024
1737,Liderança,6,2020
1408,Gestão de Projetos,10,2023
2987,Design Thinking,15,2020
177,Design Thinking,38,2024
2296,Gestão de Projetos,22,2021
2247,Programação,26,2022
1781,Programação,20,2022
2302,Liderança,5,2023
2023,Liderança,20,2024
1804,Técnicas de Venda,14,2022
351,Programação,32,2021
2075,Técnicas de Venda,27,2023
320,Programação,39,2022
183,Técnicas de Venda,24,2022
83,Liderança,16,2022
2479,Gestão de Projetos,26,2022
275,Técnicas de Venda,29,2022
190,Programação,37,2021
2710,Programação,36,2020
1193,Design Thinking,5,2021
80,Liderança,11,2021
2178,Gestão de Projetos,27,2021
1004,Design Thinking,16,2023
838,Programação,13,2020
2240,Design Thinking,26,2022
1659,Gestão de Projetos,14,2021
2738,Técnicas de Venda,32,2021
2667,Programação,7,2021
1605,Programação,19,2021
2611,Programação,38,2022
2078,Design Thinking,10,2020
2939,Gestão de Projetos,36,2024
1551,Programação,29,2023
1305,Liderança,13,2023
357,Design Thinking,19,2023
818,Técnicas de Venda,31,2022
2531,Técnicas de Venda,23,2023
960,Programação,24,2024
2077,Gestão de Projetos,35,2020
379,Design Thinking,36,2020
498,Liderança,26,2021
599,Design Thinking,12,2024
1948,Programação,9,2024
511,Liderança,23,2023
488,Gestão de Projetos,40,2024
2341,Programação,5,2021
726,Gestão de Projetos,18,2022
291,Gestão de Projetos,23,2021
1986,Programação,32,2023
966,Design Thinking,19,2022
2468,Técnicas de Venda,9,2022
450,Gestão de Projetos,31,2020
2899,Gestão de Projetos,27,2021
1644,Gestão de Projetos,26,2023
231,Programação,23,2023
717,Gestão de Projetos,11,2021
441,Design Thinking,24,2021
1810,Gestão de Projetos,11,2023
1556,Design Thinking,24,2024
1681,Programação,6,2020
909,Liderança,17,2022
1779,Programação,13,2021
2667,Liderança,28,2021
2394,Programação,5,2023
2191,Gestão de Projetos,32,2021
2019,Gestão de Projetos,14,2020
2004,Técnicas de Venda,37,2021
2530,Liderança,27,2021
707,Liderança,31,2024
1840,Design Thinking,19,2022
1803,Gestão de Projetos,10,2023
765,Programação,10,2020
394,Programação,29,2024
1261,Gestão de Projetos,32,2022
2352,Programação,4,2022
765,Liderança,40,2021
1300,Programação,14,2024
2130,Gestão de Projetos,36,2022
627,Gestão de Projetos,35,2024
651,Técnicas de Venda,4,2021
2972,Gestão de Projetos,14,2022
1716,Técnicas de Venda,23,2021
1288,Liderança,14,2024
58,Programação,35,2022
2035,Design Thinking,40,2024
1563,Técnicas de Venda,11,2023
525,Programação,29,2023
615,Gestão de Projetos,16,2021
450,Design Thinking,5,2021
1505,Design Thinking,14,2023
2829,Design Thinking,32,2021
541,Liderança,25,2022
1347,Design Thinking,22,2022
382,Programação,13,2024
746,Design Thinking,38,2022
2927,Técnicas de Venda,25,2021
1507,Gestão de Projetos,6,2024
1242,Design Thinking,19,2022
2980,Programação,17,2022
803,Técnicas de Venda,7,2022
759,Técnicas de Venda,39,2024
2019,Técnicas de Venda,19,2022
1724,Gestão de Projetos,9,2023
836,Técnicas de Venda,17,2020
1969,Design Thinking,21,2023
1706,Programação,13,2022
2435,Técnicas de Venda,20,2022
1302,Liderança,37,2024
297,Gestão de Projetos,40,2020
690,Design Thinking,36,2022
1632,Programação,14,2021
1031,Técnicas de Venda,6,2023
2545,Programação,10,2021
282,Liderança,14,2023
2542,Liderança,23,2024
793,Design Thinking,28,2023
1409,Liderança,38,2024
192,Liderança,12,2023
2543,Programação,17,2020
843,Design Thinking,13,2022
1460,Liderança,16,2024
420,Gestão de Projetos,36,2022
2895,Técnicas de Venda,14,2022
1512,Design Thinking,10,2024
545,Técnicas de Venda,19,2024
2267,Design Thinking,30,2023
631,Programação,8,2020
1481,Programação,20,2023
1860,Técnicas de Venda,10,2024
254,Gestão de Projetos,31,2020
2563,Gestão de Projetos,26,2021
1011,Gestão de Projetos,18,2024
1717,Técnicas de Venda,16,2024
1023,Liderança,13,2020
2368,Gestão de Projetos,30,2024
2078,Liderança,36,2021
1570,Gestão de Projetos,33,2021
1671,Técnicas de Venda,10,2023
2156,Programação,40,2021
1269,Programação,10,2022
2254,Design Thinking,17,2024
2164,Técnicas de Venda,7,2024
575,Design Thinking,20,2023
2271,Programação,17,2021
2438,Gestão de Projetos,14,2020
2936,Programação,7,2021
1923,Design Thinking,32,2021
1881,Gestão de Projetos,38,2022
2571,Gestão de Projetos,17,2021
1817,Técnicas de Venda,33,2023
116,Técnicas de Venda,27,2021
1465,Técnicas de Venda,8,2023
2312,Gestão de Projetos,21,2022
421,Design Thinking,4,2022
1475,Programação,6,2022
837,Liderança,39,2023
1748,Gestão de Projetos,22,2024
2807,Gestão de Projetos,15,2020
1444,Programação,15,2021
381,Liderança,25,2020
1290,Gestão de Projetos,31,2021
1414,Liderança,11,2021
1201,Programação,7,2022
2565,Técnicas de Venda,31,2021
1083,Gestão de Projetos,13,2020
2192,Programação,27,2020
2747,Gestão de Projetos,35,2023
1929,Gestão de Projetos,20,2023
1779,Design Thinking,40,2020
2534,Liderança,15,2022
262,Liderança,38,2021
2957,Design Thinking,29,2022
2123,Liderança,27,2022
1179,Design Thinking,38,2023
673,Gestão de Projetos,33,2021
2148,Técnicas de Venda,8,2024
281,Técnicas de Venda,38,2023
95,Design Thinking,22,2020
1162,Gestão de Projetos,20,2024
1158,Programação,36,2024
1466,Técnicas de Venda,27,2023
1413,Gestão de Projetos,10,2024
637,Liderança,14,2022
2907,Programação,16,2020
2254,Liderança,34,2020
1524,Programação,31,2020
1014,Gestão de Projetos,19,2021
1179,Técnicas de Venda,32,2023
2712,Programação,17,2024
2703,Design Thinking,9,2023
416,Liderança,5,2022
1018,Gestão de Projetos,14,2020
2036,Liderança,30,2023
1932,Técnicas de Venda,26,2020
983,Liderança,38,2020
1097,Programação,18,2024
1186,Gestão de Projetos,17,2020
2151,Design Thinking,29,2020
2338,Liderança,19,2024
218,Liderança,16,2023
1497,Técnicas de Venda,13,2024
2556,Design Thinking,29,2024
982,Liderança,31,2022
2570,Programação,37,2024
1063,Programação,11,2022
1762,Liderança,11,2024
872,Programação,17,2020
1261,Técnicas de Venda,5,2023
1963,Programação,11,2024
98,Programação,20,2020
689,Liderança,6,2020
2566,Gestão de Projetos,21,2021
854,Programação,11,2023
317,Liderança,22,2023
919,Programação,19,2023
445,Técnicas de Venda,20,2024
863,Design Thinking,6,2024
113,Programação,25,2021
2236,Gestão de Projetos,9,2024
2035,Programação,39,2022
1369,Gestão de Projetos,35,2020
481,Design Thinking,37,2023
2505,Design Thinking,7,2022
1937,Design Thinking,4,2022
551,Programação,8,2023
2164,Técnicas de Venda,22,2022
1990,Técnicas de Venda,31,2022
888,Liderança,23,2021
2688,Gestão de Projetos,35,2022
1972,Programação,4,2023
2113,Liderança,11,2024
2339,Gestão de Projetos,14,2020
1025,Técnicas de Venda,22,2021
824,Design Thinking,9,2021
233,Programação,37,2024
2493,Liderança,20,2021
1161,Técnicas de Venda,27,2024
1118,Design Thinking,4,2023
2161,Técnicas de Venda,10,2022
511,Técnicas de Venda,21,2021
2232,Design Thinking,21,2020
378,Design Thinking,35,2021
2819,Liderança,24,2021
996,Liderança,5,2021
2096,Liderança,33,2021
2843,Liderança,30,2020
2075,Programação,21,2021
2829,Gestão de Projetos,24,2021
492,Design Thinking,5,2022
58,Design Thinking,13,2024
3,Programação,11,2021
2344,Técnicas de Venda,19,2022
2617,Gestão de Projetos,27,2023
587,Design Thinking,23,2021
2269,Técnicas de Venda,14,2023
673,Design Thinking,18,2024
2903,Técnicas de Venda,30,2021
1037,Design Thinking,34,2021
1729,Design Thinking,18,2022
2004,Liderança,38,2021
123,Design Thinking,25,2022
1626,Design Thinking,8,2021
475,Programação,8,2020
931,Liderança,29,2024
1579,Programação,28,2020
1264,Técnicas de Venda,21,2022
1917,Gestão de Projetos,34,2021
651,Liderança,24,2022
456,Design Thinking,11,2020
1396,Design Thinking,14,2022
159,Técnicas de Venda,20,2023
907,Liderança,24,2023
1897,Técnicas de Venda,37,2023
293,Liderança,21,2021
2187,Liderança,23,2022
2365,Técnicas de Venda,14,2021
587,Design Thinking,28,2020
1697,Técnicas de Venda,27,2020
2881,Técnicas de Venda,21,2022
237,Liderança,19,2021
2158,Programação,21,2021
2680,Design Thinking,9,2024
1162,Técnicas de Venda,16,2021
2599,Programação,21,2024
1440,Programação,21,2022
1566,Programação,29,2023
2399,Técnicas de Venda,37,2024
1868,Gestão de Projetos,12,2022
2678,Gestão de Projetos,19,2020
1019,Design Thinking,8,2022
953,Design Thinking,6,2024
2085,Técnicas de Venda,23,2024
1573,Gestão de Projetos,6,2022
1371,Design Thinking,24,2023
740,Design Thinking,20,2024
680,Gestão de Projetos,33,2022
2942,Programação,36,2022
2766,Programação,19,2024
987,Programação,13,2023
761,Técnicas de Venda,37,2022
2733,Gestão de Projetos,29,2020
2432,Liderança,5,2022
400,Liderança,18,2021
2585,Design Thinking,29,2020
607,Gestão de Projetos,35,2020
1137,Design Thinking,30,2021
254,Técnicas de Venda,5,2020
308,Programação,5,2020
2517,Design Thinking,26,2023
554,Gestão de Projetos,28,2022
2775,Gestão de Projetos,25,2024
1551,Design Thinking,17,2024
1814,Programação,35,2021
1397,Gestão de Projetos,35,2022
1614,Gestão de Projetos,8,2021
399,Gestão de Projetos,32,2021
1596,Gestão de Projetos,38,2022
550,Técnicas de Venda,32,2020
391,Liderança,11,2022
2467,Design Thinking,23,2020
1697,Gestão de Projetos,29,2023
511,Gestão de Projetos,18,2024
670,Técnicas de Venda,38,2024
2308,Design Thinking,30,2020
1703,Técnicas de Venda,9,2023
2168,Design Thinking,36,2024
2195,Liderança,24,2020
1968,Programação,36,2023
1802,Técnicas de Venda,17,2023
2526,Liderança,19,2022
2132,Programação,35,2021
2362,Liderança,35,2020
757,Técnicas de Venda,6,2024
1503,Programação,6,2021
1933,Gestão de Projetos,24,2021
955,Design Thinking,16,2022
2318,Design Thinking,6,2020
656,Técnicas de Venda,23,2022
868,Programação,27,2024
2273,Programação,4,2022
2221,Liderança,30,2024
1364,Gestão de Projetos,6,2021
2329,Gestão de Projetos,11,2020
1579,Liderança,5,2020
1460,Programação,31,2020
400,Programação,30,2022
1706,Design Thinking,25,2022
2578,Técnicas de Venda,6,2022
1937,Gestão de Projetos,5,2021
1228,Programação,36,2023
1849,Gestão de Projetos,16,2020
2403,Técnicas de Venda,33,2023
2663,Gestão de Projetos,36,2024
2523,Design Thinking,26,2023
1539,Gestão de Projetos,29,2024
158,Técnicas de Venda,35,2020
1197,Design Thinking,19,2022
682,Gestão de Projetos,34,2021
1074,Técnicas de Venda,40,2021
2765,Gestão de Projetos,29,2021
181,Design Thinking,35,2023
28,Liderança,13,2021
718,Design Thinking,39,2022
333,Técnicas de Venda,12,2020
835,Design Thinking,40,2022
2266,Programação,6,2020
2571,Liderança,26,2023
1685,Liderança,38,2022
2033,Programação,40,2024
2937,Gestão de Projetos,10,2022
1140,Programação,35,2021
1272,Design Thinking,11,2022
936,Programação,18,2024
1272,Técnicas de Venda,39,2020
2496,Design Thinking,25,2022
374,Liderança,16,2022
1424,Design Thinking,40,2024
1829,Técnicas de Venda,8,2021
925,Design Thinking,22,2024
1972,Programação,24,2022
1402,Técnicas de Venda,38,2021
509,Gestão de Projetos,23,2023
1445,Design Thinking,27,2021
237,Técnicas de Venda,23,2022
2548,Técnicas de Venda,34,2024
2303,Programação,37,2020
1244,Gestão de Projetos,29,2020
845,Liderança,40,2021
2310,Design Thinking,14,2022
857,Programação,20,2024
2295,Gestão de Projetos,8,2024
1539,Gestão de Projetos,31,2021
1841,Técnicas de Venda,40,2020
1993,Programação,13,2023
781,Gestão de Projetos,5,2024
2205,Gestão de Projetos,4,2022
2535,Liderança,23,2024
2802,Programação,10,2022
2190,Liderança,10,2024
1243,Design Thinking,18,2020
1696,Gestão de Projetos,29,2021
474,Gestão de Projetos,27,2021
1702,Técnicas de Venda,23,2022
2800,Técnicas de Venda,19,2024
103,Programação,31,2020
298,Técnicas de Venda,20,2021
456,Técnicas de Venda,4,2020
2579,Liderança,23,2020
179,Liderança,15,2023
2463,Design Thinking,25,2022
1761,Programação,40,2023
686,Liderança,31,2024
1268,Programação,10,2022
960,Design Thinking,29,2020
858,Gestão de Projetos,14,2021
1331,Liderança,6,2022
585,Programação,10,2022
1756,Gestão de Projetos,33,2023
1530,Programação,37,2020
437,Gestão de Projetos,33,2022
1619,Design Thinking,5,2020
1113,Liderança,35,2020
1591,Liderança,18,2024
2185,Design Thinking,10,2021
2894,Programação,22,2020
1668,Liderança,32,2021
643,Técnicas de Venda,18,2020
514,Design Thinking,7,2022
2041,Design Thinking,18,2022
222,Design Thinking,8,2022
1696,Técnicas de Venda,12,2021
657,Design Thinking,40,2022
1735,Liderança,10,2022
1475,Design Thinking,21,2024
414,Liderança,17,2023
2333,Gestão de Projetos,10,2022
781,Gestão de Projetos,9,2020
861,Design Thinking,38,2020
1905,Liderança,4,2023
1907,Liderança,35,2021
2944,Design Thinking,22,2020
2343,Técnicas de Venda,12,2022
1367,Gestão de Projetos,11,2021
263,Design Thinking,10,2023
1123,Design Thinking,34,2024
1990,Técnicas de Venda,29,2021
574,Programação,15,2024
677,Programação,24,2024
2587,Técnicas de Venda,24,2021
1462,Liderança,37,2021
368,Programação,15,2020
1816,Design Thinking,19,2024
1259,Técnicas de Venda,13,2020
208,Gestão de Projetos,24,2024
425,Gestão de Projetos,16,2022
649,Técnicas de Venda,33,2024
771,Design Thinking,38,2022
986,Design Thinking,27,2023
1313,Design Thinking,33,2020
851,Gestão de Projetos,29,2020
241,Gestão de Projetos,8,2023
908,Técnicas de Venda,9,2020
1241,Gestão de Projetos,18,2024
2259,Gestão de Projetos,16,2021
1923,Programação,33,2024
1382,Liderança,7,2023
2207,Gestão de Projetos,9,2024
2498,Técnicas de Venda,32,2023
1154,Design Thinking,15,2023
2979,Gestão de Projetos,14,2022
1201,Gestão de Projetos,28,2021
1402,Técnicas de Venda,26,2023
1822,Liderança,18,2021
1906,Programação,31,2021
2665,Técnicas de Venda,33,2024
1365,Gestão de Projetos,38,2024
977,Design Thinking,15,2021
226,Gestão de Projetos,11,2023
2824,Liderança,22,2022
177,Gestão de Projetos,21,2024
1387,Técnicas de Venda,36,2022
2485,Design Thinking,20,2023
1681,Liderança,39,2022
689,Gestão de Projetos,26,2022
1413,Programação,9,2024
587,Design Thinking,34,2021
1123,Design Thinking,40,2020
754,Design Thinking,18,2023
54,Gestão de Projetos,18,2020
630,Liderança,31,2023
2303,Técnicas de Venda,40,2022
1966,Design Thinking,29,2021
1957,Técnicas de Venda,36,2022
43,Liderança,25,2023
1012,Programação,34,2020
523,Programação,18,2020
1952,Técnicas de Venda,27,2020
721,Programação,33,2021
1126,Gestão de Projetos,9,2023
1200,Técnicas de Venda,27,2020
2779,Design Thinking,28,2021
1331,Design Thinking,7,2023
2167,Gestão de Projetos,9,2022
2756,Design Thinking,9,2021
1929,Liderança,38,2021
2351,Programação,4,2020
1557,Liderança,14,2024
2686,Gestão de Projetos,34,2020
2766,Programação,7,2021
925,Gestão de Projetos,36,2024
2316,Programação,9,2021
65,Programação,28,2020
2036,Gestão de Projetos,40,2020
464,Técnicas de Venda,16,2023
1246,Design Thinking,30,2020
2989,Programação,11,2023
696,Programação,19,2024
1582,Design Thinking,20,2022
329,Design Thinking,23,2020
1277,Liderança,9,2024
1983,Técnicas de Venda,33,2021
1795,Liderança,33,2022
2239,Programação,19,2024
2643,Programação,18,2022
1157,Liderança,38,2024
1708,Liderança,11,2022
766,Design Thinking,16,2021
1407,Gestão de Projetos,8,2021
2149,Gestão de Projetos,36,2021
1211,Técnicas de Venda,32,2023
2424,Design Thinking,29,2023
1688,Design Thinking,20,2023
1324,Design Thinking,27,2024
1235,Técnicas de Venda,37,2022
1561,Gestão de Projetos,40,2024
2776,Design Thinking,24,2023
2045,Técnicas de Venda,9,2024
1804,Gestão de Projetos,39,2022
2865,Liderança,20,2021
275,Liderança,40,2024
467,Liderança,15,2024
428,Design Thinking,20,2021
2413,Liderança,30,2024
348,Liderança,39,2024
1496,Programação,38,2020
2992,Gestão de Projetos,28,2020
1071,Gestão de Projetos,36,2024
1347,Liderança,16,2024
1808,Design Thinking,22,2024
2684,Técnicas de Venda,19,2020
1240,Programação,37,2023
2966,Programação,35,2020
2123,Programação,32,2022
1507,Técnicas de Venda,11,2020
2935,Gestão de Projetos,9,2023
2501,Técnicas de Venda,26,2022
611,Programação,4,2022
1355,Design Thinking,17,2023
127,Técnicas de Venda,4,2020
2021,Gestão de Projetos,16,2024
1728,Gestão de Projetos,36,2023
354,Design Thinking,10,2020
1019,Gestão de Projetos,26,2022
2671,Programação,31,2023
2424,Liderança,34,2023
662,Liderança,32,2024
519,Técnicas de Venda,37,2020
197,Técnicas de Venda,23,2021
2007,Design Thinking,40,2023
1527,Programação,20,2020
957,Programação,36,2020
523,Design Thinking,8,2024
1521,Programação,21,2022
2377,Liderança,8,2023
2224,Técnicas de Venda,27,2021
1900,Técnicas de Venda,16,2021
1931,Gestão de Projetos,27,2023
991,Design Thinking,4,2022
2338,Programação,6,2024
304,Programação,35,2022
2799,Design Thinking,34,2023
2688,Gestão de Projetos,8,2021
1417,Liderança,25,2024
2220,Design Thinking,26,2022
1248,Design Thinking,22,2023
1318,Técnicas de Venda,35,2022
2087,Programação,26,2020
2364,Programação,25,2022
2929,Programação,20,2020
2949,Programação,28,2023
2609,Programação,17,2023
873,Técnicas de Venda,35,2024
2941,Gestão de Projetos,8,2021
1796,Técnicas de Venda,6,2020
1342,Programação,17,2020
780,Liderança,37,2022
120,Técnicas de Venda,33,2022
60,Gestão de Projetos,19,2023
2885,Técnicas de Venda,4,2021
1701,Liderança,34,2020
1653,Design Thinking,19,2024
1224,Liderança,37,2022
488,Design Thinking,32,2022
2216,Programação,13,2020
1990,Design Thinking,40,2024
371,Liderança,26,2023
1652,Gestão de Projetos,9,2020
1145,Programação,31,2020
1937,Técnicas de Venda,4,2024
153,Programação,36,2023
229,Gestão de Projetos,18,2020
2243,Técnicas de Venda,11,2022
1436,Programação,39,2023
461,Design Thinking,26,2022
1852,Liderança,20,2020
1856,Gestão de Projetos,36,2022
827,Design Thinking,11,2022
1692,Técnicas de Venda,14,2024
1014,Programação,19,2024
2912,Gestão de Projetos,39,2023
578,Técnicas de Venda,15,2020
1158,Gestão de Projetos,11,2023
2482,Gestão de Projetos,24,2024
2449,Programação,35,2020
1552,Gestão de Projetos,22,2023
1675,Técnicas de Venda,35,2023
450,Design Thinking,37,2023
2768,Liderança,23,2024
789,Programação,18,2024
1418,Gestão de Projetos,12,2024
1051,Gestão de Projetos,12,2020
344,Gestão de Projetos,5,2024
2975,Liderança,22,2022
1731,Gestão de Projetos,38,2022
548,Gestão de Projetos,5,2020
1026,Design Thinking,4,2024
2834,Técnicas de Venda,6,2023
1447,Design Thinking,19,2020
2463,Técnicas de Venda,23,2022
1866,Técnicas de Venda,8,2024
567,Design Thinking,28,2023
1446,Técnicas de Venda,29,2021
1988,Gestão de Projetos,17,2022
883,Programação,38,2024
2447,Técnicas de Venda,13,2020
285,Design Thinking,4,2020
696,Design Thinking,35,2020
761,Programação,12,2020
1565,Gestão de Projetos,16,2022
589,Liderança,10,2021
152,Gestão de Projetos,21,2020
1998,Liderança,25,2020
55,Gestão de Projetos,25,2024
1118,Gestão de Projetos,35,2022
2286,Técnicas de Venda,34,2022
460,Programação,16,2020
783,Design Thinking,26,2020
445,Gestão de Projetos,26,2023
1671,Liderança,35,2020
2738,Design Thinking,5,2020
1925,Liderança,6,2023
1473,Técnicas de Venda,18,2024
1225,Liderança,32,2024
1615,Liderança,32,2024
1729,Programação,35,2022
1117,Design Thinking,16,2022
1720,Gestão de Projetos,18,2021
963,Programação,5,2020
2327,Técnicas de Venda,10,2020
731,Gestão de Projetos,22,2024
2002,Gestão de Projetos,17,2021
63,Gestão de Projetos,18,2022
467,Liderança,31,2021
146,Liderança,5,2020
1135,Programação,9,2022
1526,Liderança,29,2024
2952,Programação,24,2021
2647,Gestão de Projetos,22,2020
1067,Programação,17,2024
340,Programação,30,2021
284,Liderança,36,2022
2240,Liderança,33,2020
2804,Programação,20,2020
103,Programação,39,2020
2019,Liderança,29,2020
636,Design Thinking,16,2023
390,Liderança,27,2021
694,Design Thinking,27,2022
2140,Gestão de Projetos,18,2021
203,Gestão de Projetos,24,2021
2484,Gestão de Projetos,32,2022
2594,Técnicas de Venda,31,2021
1545,Técnicas de Venda,26,2020
2799,Técnicas de Venda,34,2023
1482,Gestão de Projetos,5,2021
1152,Técnicas de Venda,33,2021
2169,Design Thinking,14,2021
1367,Design Thinking,38,2021
248,Gestão de Projetos,21,2021
1159,Design Thinking,39,2024
1443,Liderança,27,2024
1034,Gestão de Projetos,39,2020
2183,Liderança,16,2021
336,Técnicas de Venda,16,2020
2268,Programação,11,2020
367,Gestão de Projetos,7,2021
2447,Gestão de Projetos,31,2022
943,Programação,7,2024
2189,Técnicas de Venda,29,2021
1903,Programação,29,2021
448,Liderança,28,2020
2159,Gestão de Projetos,39,2024
2214,Técnicas de Venda,6,2020
1725,Gestão de Projetos,25,2021
1924,Liderança,8,2022
2128,Design Thinking,8,2022
359,Programação,12,2022
701,Programação,26,2022
91,Liderança,12,2023
1321,Técnicas de Venda,31,2022
676,Técnicas de Venda,34,2023
509,Programação,30,2023
951,Design Thinking,24,2022
581,Liderança,20,2022
361,Técnicas de Venda,12,2024
220,Programação,12,2020
874,Programação,16,2021
2584,Gestão de Projetos,16,2024
215,Design Thinking,26,2023
208,Programação,21,2023
2324,Gestão de Projetos,24,2022
864,Programação,39,2021
351,Gestão de Projetos,11,2022
985,Programação,16,2024
329,Liderança,16,2022
1505,Gestão de Projetos,35,2021
111,Gestão de Projetos,37,2023
844,Design Thinking,6,2024
35,Design Thinking,28,2021
1547,Técnicas de Venda,28,2023
89,Gestão de Projetos,19,2024
669,Programação,10,2021
1146,Gestão de Projetos,25,2021
1799,Liderança,16,2023
1223,Programação,13,2021
1925,Design Thinking,21,2024
1216,Programação,34,2020
407,Programação,14,2020
14,Técnicas de Venda,12,2021
148,Liderança,26,2023
2914,Liderança,9,2021
1854,Programação,5,2023
2617,Liderança,21,2021
1735,Design Thinking,18,2023
2724,Técnicas de Venda,32,2022
2001,Design Thinking,14,2020
2874,Liderança,19,2022
895,Técnicas de Venda,4,2023
135,Gestão de Projetos,33,2022
598,Gestão de Projetos,32,2020
1517,Liderança,12,2023
2335,Liderança,16,2023
988,Design Thinking,8,2023
2552,Gestão de Projetos,9,2023
569,Design Thinking,35,2021
1930,Liderança,7,2022
2933,Programação,37,2023
2449,Técnicas de Venda,11,2024
804,Programação,17,2021
1447,Design Thinking,29,2020
1024,Gestão de Projetos,36,2021
2218,Liderança,19,2021
1171,Liderança,39,2024
2926,Técnicas de Venda,35,2021
1685,Gestão de Projetos,21,2021
2757,Técnicas de Venda,5,2024
1642,Programação,32,2023
433,Gestão de Projetos,11,2022
1099,Liderança,38,2024
576,Gestão de Projetos,23,2020
1569,Técnicas de Venda,40,2020
2261,Programação,4,2020
2885,Gestão de Projetos,4,2022
1584,Técnicas de Venda,22,2020
1383,Design Thinking,5,2023
1080,Programação,36,2024
877,Gestão de Projetos,35,2022
2222,Design Thinking,8,2023
300,Técnicas de Venda,27,2022
2724,Técnicas de Venda,27,2023
1831,Design Thinking,32,2020
1171,Design Thinking,16,2023
2717,Programação,11,2022
1942,Técnicas de Venda,11,2024
2852,Design Thinking,36,2023
2174,Gestão de Projetos,10,2024
2969,Liderança,15,2024
2524,Liderança,23,2021
1864,Liderança,24,2022
2467,Gestão de Projetos,9,2020
1877,Liderança,21,2023
1207,Design Thinking,22,2024
2338,Liderança,33,2023
927,Gestão de Projetos,32,2020
669,Técnicas de Venda,9,2023
105,Gestão de Projetos,27,2021
744,Gestão de Projetos,6,2020
650,Design Thinking,30,2021
2181,Programação,37,2020
1570,Design Thinking,37,2021
473,Gestão de Projetos,40,2023
2560,Técnicas de Venda,24,2021
2910,Liderança,4,2021
1002,Design Thinking,6,2022
2604,Gestão de Projetos,12,2021
37,Técnicas de Venda,6,2023
2957,Liderança,18,2020
2303,Liderança,12,2024
1813,Design Thinking,32,2024
1424,Programação,25,2020
2487,Programação,26,2022
2248,Design Thinking,11,2020
2442,Design Thinking,14,2020
432,Liderança,40,2024
2164,Liderança,26,2020
388,Técnicas de Venda,39,2024
1475,Liderança,25,2022
2418,Programação,5,2023
2628,Técnicas de Venda,15,2020
2675,Design Thinking,5,2021
664,Gestão de Projetos,23,2020
2748,Técnicas de Venda,38,2021
2302,Liderança,5,2024
953,Técnicas de Venda,25,2021
2152,Técnicas de Venda,22,2021
1396,Liderança,39,2024
385,Técnicas de Venda,35,2021
1621,Gestão de Projetos,17,2020
1454,Design Thinking,18,2021
2559,Técnicas de Venda,21,2020
2219,Programação,22,2023
1257,Técnicas de Venda,18,2022
581,Liderança,34,2020
960,Design Thinking,20,2021
677,Programação,8,2023
1952,Programação,19,2021
1028,Design Thinking,22,2023
1406,Gestão de Projetos,29,2022
203,Técnicas de Venda,26,2021
2458,Gestão de Projetos,25,2022
1055,Programação,10,2020
1360,Programação,32,2024
154,Programação,39,2022
750,Técnicas de Venda,25,2022
2485,Gestão de Projetos,10,2020
1342,Design Thinking,37,2022
1881,Design Thinking,19,2023
925,Liderança,35,2024
771,Gestão de Projetos,25,2024
1708,Gestão de Projetos,34,2020
1169,Liderança,26,2023
2627,Programação,28,2024
1362,Gestão de Projetos,35,2023
454,Liderança,39,2021
2272,Liderança,23,2023
239,Liderança,8,2020
344,Liderança,26,2021
16,Design Thinking,16,2024
1938,Programação,31,2024
879,Design Thinking,27,2021
40,Liderança,11,2021
2464,Gestão de Projetos,38,2021
2346,Liderança,26,2022
592,Design Thinking,8,2022
1697,Gestão de Projetos,40,2023
2614,Gestão de Projetos,7,2023
2264,Gestão de Projetos,13,2024
2908,Liderança,38,2022
103,Gestão de Projetos,34,2023
1654,Gestão de Projetos,25,2022
1540,Liderança,28,2022
2991,Gestão de Projetos,31,2023
1336,Design Thinking,28,2024
2190,Gestão de Projetos,13,2020
1074,Design Thinking,4,2021
2659,Gestão de Projetos,32,2024
1399,Liderança,29,2021
1374,Programação,15,2022
230,Técnicas de Venda,17,2022
201,Liderança,7,2021
2950,Técnicas de Venda,29,2021
2098,Liderança,14,2023
2973,Gestão de Projetos,9,2021
739,Gestão de Projetos,11,2021
303,Design Thinking,11,2022
1317,Programação,7,2020
150,Liderança,35,2020
693,Técnicas de Venda,39,2023
2816,Gestão de Projetos,23,2020
1774,Design Thinking,39,2022
2480,Técnicas de Venda,7,2020
2648,Técnicas de Venda,40,2021
1813,Liderança,26,2024
737,Técnicas de Venda,12,2024
1356,Design Thinking,14,2024
1548,Técnicas de Venda,12,2023
142,Liderança,30,2021
2592,Gestão de Projetos,17,2022
2461,Design Thinking,24,2020
1511,Liderança,24,2023
1098,Liderança,11,2023
2484,Liderança,23,2020
1756,Gestão de Projetos,29,2021
2096,Técnicas de Venda,31,2023
2450,Técnicas de Venda,24,2020
1638,Gestão de Projetos,28,2021
1185,Programação,15,2020
2522,Programação,19,2024
32,Design Thinking,32,2020
770,Técnicas de Venda,14,2022
1672,Liderança,20,2023
992,Programação,13,2020
616,Design Thinking,30,2023
1588,Técnicas de Venda,33,2023
2134,Liderança,9,2020
2193,Liderança,33,2020
1287,Liderança,10,2022
1667,Técnicas de Venda,8,2024
1681,Liderança,13,2020
1307,Programação,24,2023
2457,Liderança,23,2022
450,Design Thinking,7,2020
802,Programação,35,2023
1496,Design Thinking,23,2023
1437,Programação,37,2023
492,Liderança,7,2021
2355,Técnicas de Venda,35,2020
2777,Técnicas de Venda,4,2023
2087,Gestão de Projetos,14,2020
2852,Programação,14,2023
715,Liderança,18,2023
1200,Programação,12,2020
1998,Técnicas de Venda,15,2023
2402,Liderança,15,2020
2177,Técnicas de Venda,7,2024
844,Programação,10,2022
1153,Técnicas de Venda,14,2024
1334,Programação,38,2023
75,Gestão de Projetos,22,2024
550,Design Thinking,29,2021
1019,Liderança,16,2020
1032,Design Thinking,17,2023
318,Técnicas de Venda,18,2022
2608,Liderança,37,2020
691,Liderança,28,2020
751,Gestão de Projetos,37,2021
2040,Técnicas de Venda,5,2022
2847,Gestão de Projetos,29,2021
2401,Design Thinking,12,2020
1237,Liderança,22,2020
820,Técnicas de Venda,6,2022
567,Design Thinking,6,2024
407,Programação,10,2022
1061,Programação,16,2023
2453,Design Thinking,7,2020
2411,Liderança,37,2022
2475,Gestão de Projetos,19,2022
1490,Técnicas de Venda,31,2023
856,Gestão de Projetos,17,2023
2561,Gestão de Projetos,23,2021
2015,Liderança,39,2022
1610,Design Thinking,22,2022
589,Gestão de Projetos,38,2022
1036,Programação,39,2022
56,Liderança,34,2021
2217,Programação,19,2022
2859,Design Thinking,8,2024
1967,Liderança,32,2020
2448,Programação,19,2020
1833,Programação,8,2022
1052,Gestão de Projetos,4,2020
392,Design Thinking,27,2021
2536,Programação,9,2021
362,Liderança,38,2024
2781,Design Thinking,8,2021
2504,Liderança,9,2023
2772,Gestão de Projetos,8,2023
2039,Liderança,7,2021
2067,Gestão de Projetos,28,2022
902,Programação,31,2022
2245,Design Thinking,32,2021
2102,Programação,6,2020
2230,Design Thinking,26,2021
902,Gestão de Projetos,26,2024
1632,Liderança,20,2020
601,Liderança,24,2020
442,Design Thinking,39,2023
541,Design Thinking,7,2020
2188,Técnicas de Venda,36,2021
2310,Gestão de Projetos,14,2023
788,Design Thinking,23,2022
2970,Técnicas de Venda,38,2022
1810,Técnicas de Venda,5,2021
138,Gestão de Projetos,30,2023
2070,Técnicas de Venda,40,2023
1957,Programação,14,2024
1710,Técnicas de Venda,6,2024
1672,Técnicas de Venda,30,2022
2657,Gestão de Projetos,18,2023
2056,Liderança,37,2022
171,Técnicas de Venda,10,2024
390,Técnicas de Venda,6,2022
712,Liderança,23,2023
1522,Técnicas de Venda,9,2021
2654,Programação,9,2024
546,Programação,33,2021
1090,Gestão de Projetos,9,2020
1456,Design Thinking,35,2023
2787,Técnicas de Venda,26,2022
2111,Gestão de Projetos,33,2023
658,Liderança,33,2024
2887,Técnicas de Venda,17,2023
2634,Técnicas de Venda,23,2021
718,Design Thinking,23,2024
1568,Programação,14,2024
1537,Gestão de Projetos,23,2023
574,Técnicas de Venda,24,2022
2451,Técnicas de Venda,28,2021
833,Programação,4,2020
1939,Programação,23,2024
574,Design Thinking,32,2020
2778,Design Thinking,35,2023
2560,Gestão de Projetos,11,2024
1419,Gestão de Projetos,6,2024
1589,Técnicas de Venda,27,2022
2444,Liderança,26,2021
421,Design Thinking,6,2023
466,Liderança,34,2022
641,Técnicas de Venda,12,2024
1189,Programação,20,2023
2917,Gestão de Projetos,7,2023
1588,Gestão de Projetos,12,2021
334,Liderança,15,2024
2053,Técnicas de Venda,16,2022
2796,Design Thinking,32,2021
2775,Programação,11,2022
2193,Técnicas de Venda,16,2021
951,Design Thinking,6,2020
2652,Liderança,31,2023
1083,Programação,28,2023
608,Design Thinking,7,2020
2121,Gestão de Projetos,8,2024
177,Gestão de Projetos,5,2022
2386,Gestão de Projetos,15,2023
1471,Liderança,18,2022
2708,Gestão de Projetos,24,2021
2840,Liderança,13,2020
2385,Técnicas de Venda,37,2022
2174,Design Thinking,13,2022
64,Gestão de Projetos,12,2023
1820,Design Thinking,36,2021
2061,Gestão de Projetos,23,2020
298,Gestão de Projetos,32,2022
2816,Programação,8,2020
50,Design Thinking,40,2024
482,Técnicas de Venda,27,2021
368,Gestão de Projetos,21,2021
2648,Técnicas de Venda,21,2024
716,Programação,17,2024
1995,Liderança,21,2022
1433,Programação,4,2024
1302,Programação,4,2024
2867,Gestão de Projetos,37,2021
1103,Design Thinking,32,2020
2464,Design Thinking,32,2024
2768,Design Thinking,12,2024
2917,Gestão de Projetos,6,2020
1581,Programação,8,2024
2794,Design Thinking,20,2023
2215,Programação,12,2020
277,Programação,14,2020
222,Gestão de Projetos,30,2021
1679,Técnicas de Venda,6,2024
1087,Técnicas de Venda,12,2022
732,Técnicas de Venda,6,2023
2519,Programação,30,2023
2283,Liderança,24,2021
339,Liderança,21,2020
1781,Gestão de Projetos,40,2023
1967,Liderança,25,2023
1757,Design Thinking,18,2023
2847,Gestão de Projetos,28,2023
2751,Design Thinking,21,2020
262,Programação,13,2022
2237,Técnicas de Venda,29,2022
2755,Design Thinking,34,2020
2307,Técnicas de Venda,17,2024
2907,Liderança,30,2024
1010,Liderança,4,2022
1142,Liderança,17,2023
2268,Liderança,9,2021
605,Técnicas de Venda,37,2024
958,Design Thinking,33,2024
926,Design Thinking,34,2024
2195,Programação,15,2020
999,Gestão de Projetos,28,2020
166,Liderança,14,2020
582,Liderança,33,2020
1726,Liderança,8,2022
2033,Design Thinking,38,2022
1612,Liderança,16,2021
1993,Gestão de Projetos,32,2023
1707,Liderança,22,2020
1922,Liderança,4,2021
2430,Programação,38,2023
2136,Programação,12,2023
32,Liderança,11,2020
772,Design Thinking,24,2020
1452,Técnicas de Venda,35,2021
486,Design Thinking,22,2022
1569,Gestão de Projetos,20,2024
1198,Design Thinking,16,2024
2143,Técnicas de Venda,33,2022
208,Programação,39,2020
151,Liderança,14,2022
2481,Gestão de Projetos,31,2023
1690,Programação,38,2022
145,Design Thinking,17,2021
734,Design Thinking,25,2020
2069,Liderança,19,2022
2676,Gestão de Projetos,34,2024
1976,Técnicas de Venda,4,2024
1324,Técnicas de Venda,10,2024
265,Liderança,35,2020
173,Programação,30,2023
2786,Liderança,29,2024
95,Liderança,36,2020
1906,Programação,27,2022
1755,Técnicas de Venda,27,2020
2136,Liderança,17,2020
2950,Técnicas de Venda,23,2020
932,Programação,40,2024
2135,Design Thinking,10,2024
2345,Design Thinking,27,2021
675,Gestão de Projetos,21,2024
1330,Técnicas de Venda,19,2020
170,Design Thinking,35,2023
2831,Liderança,20,2021
343,Liderança,12,2020
1794,Design Thinking,33,2020
2051,Design Thinking,17,2022
2862,Gestão de Projetos,23,2021
2967,Gestão de Projetos,24,2021
431,Técnicas de Venda,6,2024
1116,Design Thinking,20,2023
1670,Gestão de Projetos,11,2020
1160,Programação,17,2020
2483,Liderança,38,2023
1574,Programação,16,2020
1321,Programação,4,2024
2011,Programação,15,2021
147,Design Thinking,5,2020
1972,Técnicas de Venda,24,2022
709,Liderança,15,2023
1874,Liderança,19,2022
2937,Técnicas de Venda,12,2022
1360,Liderança,15,2020
397,Técnicas de Venda,8,2022
2720,Programação,25,2020
640,Programação,4,2021
1658,Técnicas de Venda,18,2022
103,Liderança,13,2020
57,Programação,30,2022
1599,Gestão de Projetos,36,2022
2200,Design Thinking,27,2023
2040,Design Thinking,21,2023
2794,Liderança,34,2020
920,Design Thinking,20,2021
761,Técnicas de Venda,19,2024
1816,Gestão de Projetos,14,2022
643,Programação,14,2021
856,Programação,38,2020
591,Gestão de Projetos,36,2022
70,Técnicas de Venda,6,2023
659,Técnicas de Venda,40,2021
953,Técnicas de Venda,11,2024
1195,Liderança,29,2020
129,Gestão de Projetos,30,2020
2688,Técnicas de Venda,30,2022
287,Gestão de Projetos,40,2020
2118,Programação,24,2022
56,Programação,14,2022
268,Gestão de Projetos,21,2021
1594,Gestão de Projetos,40,2023
2644,Gestão de Projetos,13,2024
1625,Técnicas de Venda,27,2024
144,Design Thinking,24,2023
2148,Técnicas de Venda,35,2021
1609,Liderança,14,2020
2508,Gestão de Projetos,36,2022
2159,Técnicas de Venda,22,2024
763,Programação,26,2022
2861,Liderança,36,2023
2116,Programação,9,2023
1922,Gestão de Projetos,33,2020
2114,Técnicas de Venda,31,2022
198,Gestão de Projetos,15,2024
933,Gestão de Projetos,7,2023
2330,Liderança,24,2020
1018,Liderança,36,2021
187,Técnicas de Venda,38,2023
2834,Técnicas de Venda,8,2021
2071,Liderança,20,2022
1947,Gestão de Projetos,28,2020
433,Liderança,39,2021
121,Design Thinking,30,2021
1256,Gestão de Projetos,38,2020
1845,Design Thinking,37,2021
945,Programação,25,2023
2877,Liderança,4,2020
1628,Gestão de Projetos,20,2020
1684,Liderança,38,2020
470,Programação,21,2022
2053,Gestão de Projetos,21,2024
634,Liderança,29,2023
2025,Liderança,20,2024
2195,Programação,21,2024
559,Programação,26,2022
1861,Design Thinking,24,2020
967,Design Thinking,19,2022
1116,Gestão de Projetos,10,2021
706,Design Thinking,32,2023
342,Programação,14,2023
1110,Técnicas de Venda,21,2024
673,Técnicas de Venda,20,2021
2654,Programação,28,2024
2893,Gestão de Projetos,5,2023
1808,Design Thinking,32,2020
1643,Técnicas de Venda,20,2024
1550,Liderança,33,2020
296,Programação,25,2022
919,Liderança,23,2023
567,Design Thinking,18,2022
1452,Programação,29,2024
1170,Gestão de Projetos,19,2021
2909,Liderança,18,2020
1405,Técnicas de Venda,25,2023
2158,Programação,32,2023
2186,Design Thinking,35,2021
2507,Programação,34,2021
1715,Gestão de Projetos,15,2023
1623,Programação,18,2024
903,Programação,10,2021
2200,Design Thinking,23,2020
916,Liderança,38,2022
1270,Técnicas de Venda,20,2022
749,Gestão de Projetos,38,2022
1664,Design Thinking,26,2021
2736,Gestão de Projetos,6,2023
836,Design Thinking,18,2020
1020,Técnicas de Venda,24,2020
344,Design Thinking,4,2021
240,Programação,9,2021
362,Técnicas de Venda,30,2022
2326,Técnicas de Venda,31,2021
320,Gestão de Projetos,37,2021
1248,Liderança,22,2023
2194,Liderança,36,2020
1713,Programação,17,2023
2434,Liderança,33,2021
1167,Design Thinking,11,2020
2120,Design Thinking,36,2022
1179,Programação,12,2022
2413,Programação,19,2024
882,Técnicas de Venda,28,2023
192,Técnicas de Venda,20,2020
2058,Técnicas de Venda,20,2022
587,Liderança,22,2024
447,Design Thinking,25,2021
1001,Liderança,27,2022
2830,Liderança,15,2021
1091,Design Thinking,33,2024
1194,Técnicas de Venda,18,2021
2184,Gestão de Projetos,38,2024
670,Programação,38,2020
678,Técnicas de Venda,32,2023
1705,Liderança,27,2021
1176,Técnicas de Venda,10,2023
2794,Técnicas de Venda,32,2023
521,Técnicas de Venda,18,2021
2540,Design Thinking,33,2021
2244,Programação,5,2023
2656,Liderança,18,2022
881,Programação,23,2023
2097,Gestão de Projetos,9,2023
2884,Programação,27,2024
385,Gestão de Projetos,19,2024
2439,Liderança,25,2021
723,Liderança,17,2021
1118,Programação,12,2021
569,Design Thinking,24,2023
422,Design Thinking,25,2020
846,Gestão de Projetos,28,2021
594,Gestão de Projetos,31,2024
1637,Design Thinking,24,2021
395,Liderança,33,2022
2127,Técnicas de Venda,4,2024
1806,Programação,23,2024
1191,Técnicas de Venda,6,2022
1061,Técnicas de Venda,26,2022
2000,Gestão de Projetos,11,2022
2112,Programação,24,2021
1886,Gestão de Projetos,28,2024
2101,Design Thinking,35,2022
2606,Gestão de Projetos,21,2023
1874,Técnicas de Venda,17,2022
1090,Liderança,24,2021
2614,Técnicas de Venda,10,2023
62,Gestão de Projetos,32,2024
739,Programação,38,2024
2516,Design Thinking,27,2023
2904,Design Thinking,21,2024
581,Gestão de Projetos,21,2020
2329,Programação,18,2023
2353,Design Thinking,20,2022
530,Programação,5,2020
2983,Programação,14,2023
2244,Técnicas de Venda,6,2022
995,Gestão de Projetos,28,2020
1032,Gestão de Projetos,10,2021
2454,Design Thinking,26,2020
1652,Técnicas de Venda,24,2020
2743,Liderança,15,2023
558,Design Thinking,24,2020
1987,Programação,33,2024
2420,Técnicas de Venda,6,2023
1567,Design Thinking,16,2020
1273,Técnicas de Venda,8,2024
2282,Programação,32,2020
1765,Design Thinking,24,2023
2845,Liderança,14,2023
2314,Técnicas de Venda,37,2022
442,Gestão de Projetos,15,2021
2826,Design Thinking,5,2020
133,Liderança,37,2022
847,Gestão de Projetos,30,2024
2617,Programação,40,2020
154,Programação,34,2020
1867,Técnicas de Venda,5,2024
2049,Design Thinking,40,2024
2518,Programação,14,2023
1937,Gestão de Projetos,15,2020
1731,Técnicas de Venda,12,2023
1351,Gestão de Projetos,21,2020
2936,Design Thinking,5,2020
2658,Liderança,20,2020
738,Técnicas de Venda,21,2023
342,Técnicas de Venda,5,2024
75,Design Thinking,8,2022
684,Técnicas de Venda,40,2021
2504,Programação,17,2023
1224,Design Thinking,39,2021
1216,Liderança,12,2024
374,Liderança,13,2022
2323,Liderança,9,2020
801,Programação,20,2024
191,Design Thinking,10,2024
2458,Liderança,31,2021
1862,Gestão de Projetos,22,2020
997,Design Thinking,9,2021
2718,Design Thinking,11,2024
702,Liderança,24,2024
1940,Liderança,6,2022
1837,Programação,38,2020
184,Liderança,34,2021
229,Técnicas de Venda,39,2020
213,Programação,33,2021
1327,Programação,18,2023
980,Programação,34,2022
2908,Gestão de Projetos,24,2024
2308,Gestão de Projetos,40,2024
1956,Programação,10,2022
1143,Liderança,18,2022
1849,Gestão de Projetos,19,2022
2239,Técnicas de Venda,30,2022
1564,Design Thinking,17,2024
1036,Liderança,32,2024
2727,Gestão de Projetos,31,2024
2831,Liderança,35,2024
2005,Design Thinking,6,2023
2760,Técnicas de Venda,37,2023
1767,Gestão de Projetos,37,2023
2072,Liderança,14,2022
1514,Técnicas de Venda,36,2020
384,Gestão de Projetos,8,2023
487,Técnicas de Venda,5,2022
2862,Técnicas de Venda,35,2020
1170,Gestão de Projetos,14,2022
2178,Design Thinking,27,2022
98,Programação,31,2021
1915,Design Thinking,25,2023
1922,Técnicas de Venda,24,2020
2354,Gestão de Projetos,12,2024
1783,Programação,37,2020
594,Programação,32,2021
668,Programação,29,2020
2865,Liderança,34,2021
192,Programação,39,2022
1257,Técnicas de Venda,29,2023
2140,Liderança,22,2023
368,Programação,27,2024
2037,Técnicas de Venda,35,2023
2559,Técnicas de Venda,5,2020
1116,Design Thinking,38,2021
2867,Programação,37,2021
73,Técnicas de Venda,11,2024
2258,Gestão de Projetos,17,2023
111,Gestão de Projetos,16,2024
425,Técnicas de Venda,31,2020
1327,Design Thinking,10,2021
2330,Liderança,34,2022
1745,Programação,21,2020
1963,Gestão de Projetos,10,2024
2778,Design Thinking,36,2021
1325,Técnicas de Venda,36,2024
1947,Liderança,16,2022
2574,Gestão de Projetos,11,2023
2083,Técnicas de Venda,6,2023
2352,Gestão de Projetos,33,2022
1124,Técnicas de Venda,27,2024
188,Técnicas de Venda,28,2021
1687,Liderança,40,2020
2223,Programação,12,2024
115,Programação,31,2020
1436,Programação,21,2022
1986,Técnicas de Venda,21,2024
488,Design Thinking,25,2024
1432,Programação,30,2022
1532,Design Thinking,22,2020
235,Liderança,35,2022
2227,Técnicas de Venda,34,2023
414,Gestão de Projetos,7,2020
808,Design Thinking,25,2022
150,Técnicas de Venda,23,2021
645,Liderança,17,2024
2514,Liderança,5,2020
2559,Técnicas de Venda,18,2020
48,Gestão de Projetos,20,2024
2015,Técnicas de Venda,36,2022
1190,Técnicas de Venda,17,2020
2929,Liderança,35,2020
2350,Programação,10,2020
2170,Gestão de Projetos,40,2021
814,Design Thinking,22,2023
336,Liderança,23,2021
2436,Técnicas de Venda,10,2020
2458,Programação,28,2023
1667,Gestão de Projetos,38,2021
7,Liderança,27,2020
1616,Programação,28,2022
2179,Gestão de Projetos,9,2024
1223,Programação,36,2024
2950,Técnicas de Venda,21,2022
1699,Gestão de Projetos,39,2022
711,Design Thinking,8,2024
58,Gestão de Projetos,20,2020
2739,Design Thinking,31,2021
2048,Design Thinking,23,2022
1643,Liderança,25,2022
1153,Design Thinking,34,2023
1181,Design Thinking,9,2022
2686,Design Thinking,5,2024
1469,Liderança,38,2021
1821,Técnicas de Venda,33,2020
2788,Design Thinking,8,2020
2310,Gestão de Projetos,11,2024
2500,Técnicas de Venda,34,2022
845,Programação,35,2020
2901,Técnicas de Venda,22,2024
1097,Programação,35,2023
1959,Liderança,39,2022
850,Técnicas de Venda,17,2021
740,Gestão de Projetos,23,2024
893,Liderança,33,2022
2956,Gestão de Projetos,13,2021
1505,Programação,19,2021
384,Programação,19,2021
2950,Liderança,40,2022
19,Técnicas de Venda,4,2024
1481,Liderança,36,2023
1472,Gestão de Projetos,4,2024
1296,Design Thinking,6,2021
2931,Gestão de Projetos,9,2023
2209,Design Thinking,6,2021
2450,Gestão de Projetos,38,2023
2411,Liderança,32,2020
1384,Design Thinking,21,2022
1422,Gestão de Projetos,31,2022
2747,Gestão de Projetos,7,2021
1871,Programação,36,2021
1820,Design Thinking,24,2021
995,Design Thinking,21,2021
2522,Design Thinking,17,2022
2917,Técnicas de Venda,23,2021
2552,Técnicas de Venda,40,2023
1338,Liderança,6,2020
43,Design Thinking,17,2022
1614,Gestão de Projetos,23,2023
32,Técnicas de Venda,24,2023
1380,Design Thinking,28,2021
310,Design Thinking,14,2021
610,Programação,17,2024
1065,Programação,29,2023
739,Gestão de Projetos,6,2022
933,Gestão de Projetos,35,2020
1735,Técnicas de Venda,32,2022
2514,Design Thinking,31,2020
610,Programação,8,2023
1025,Liderança,28,2023
2477,Liderança,14,2023
2934,Programação,28,2021
659,Liderança,16,2021
15,Liderança,37,2022
1590,Técnicas de Venda,7,2023
2535,Design Thinking,17,2020
518,Liderança,26,2020
1206,Liderança,33,2024
2389,Programação,21,2024
1497,Técnicas de Venda,15,2022
509,Técnicas de Venda,19,2022
1684,Programação,11,2022
423,Técnicas de Venda,37,2021
1790,Programação,15,2023
2603,Gestão de Projetos,21,2022
558,Design Thinking,16,2024
254,Programação,24,2022
2052,Design Thinking,15,2024
1323,Técnicas de Venda,39,2020
2310,Técnicas de Venda,25,2020
732,Design Thinking,24,2021
1956,Técnicas de Venda,5,2020
576,Liderança,37,2022
1008,Técnicas de Venda,27,2023
499,Liderança,34,2020
2670,Gestão de Projetos,28,2024
1995,Técnicas de Venda,4,2021
1880,Técnicas de Venda,22,2020
2437,Gestão de Projetos,29,2023
2391,Técnicas de Venda,11,2023
164,Liderança,27,2020
424,Técnicas de Venda,40,2023
2108,Design Thinking,6,2023
303,Design Thinking,40,2022
1558,Programação,4,2024
2304,Design Thinking,23,2024
332,Programação,14,2020
1660,Design Thinking,5,2022
1443,Gestão de Projetos,8,2023
1958,Gestão de Projetos,16,2020
1053,Técnicas de Venda,5,2021
1738,Gestão de Projetos,7,2023
314,Programação,4,2023
53,Liderança,18,2020
1009,Programação,27,2023
1043,Programação,24,2021
2830,Técnicas de Venda,24,2021
897,Liderança,33,2021
1032,Liderança,29,2022
1979,Liderança,12,2021
630,Liderança,5,2024
775,Gestão de Projetos,12,2020
988,Programação,9,2021
1115,Técnicas de Venda,4,2022
464,Técnicas de Venda,35,2021
1743,Técnicas de Venda,14,2024
2743,Design Thinking,36,2024
1740,Técnicas de Venda,12,2021
687,Programação,36,2023
1347,Gestão de Projetos,21,2023
283,Técnicas de Venda,21,2023
833,Design Thinking,23,2024
2437,Técnicas de Venda,35,2023
1455,Gestão de Projetos,21,2021
1566,Técnicas de Venda,6,2020
1815,Liderança,25,2024
1556,Liderança,17,2024
239,Liderança,34,2022
1068,Técnicas de Venda,20,2022
605,Técnicas de Venda,9,2023
1274,Liderança,15,2024
540,Técnicas de Venda,20,2021
1686,Gestão de Projetos,16,2022
1934,Programação,21,2022
2209,Design Thinking,23,2023
1560,Design Thinking,10,2020
1129,Design Thinking,9,2023
2977,Liderança,7,2020
1509,Gestão de Projetos,12,2023
1386,Técnicas de Venda,29,2021
2992,Design Thinking,17,2022
2828,Programação,6,2021
672,Técnicas de Venda,24,2022
2027,Gestão de Projetos,27,2024
874,Programação,24,2022
2446,Gestão de Projetos,10,2021
1794,Técnicas de Venda,21,2020
1678,Programação,10,2023
2635,Técnicas de Venda,19,2022
949,Liderança,26,2023
1597,Liderança,8,2020
627,Técnicas de Venda,37,2022
1727,Design Thinking,34,2023
2806,Design Thinking,23,2024
1348,Técnicas de Venda,20,2021
329,Técnicas de Venda,4,2022
555,Design Thinking,10,2023
1372,Design Thinking,9,2020
1783,Técnicas de Venda,8,2020
1938,Design Thinking,40,2022
1099,Design Thinking,32,2024
658,Gestão de Projetos,16,2023
2320,Liderança,28,2021
2660,Técnicas de Venda,24,2024
705,Liderança,38,2021
1206,Design Thinking,11,2023
733,Design Thinking,10,2023
503,Liderança,18,2022
1318,Liderança,9,2024
2023,Liderança,37,2024
2781,Programação,19,2023
1943,Programação,26,2024
2600,Técnicas de Venda,38,2022
2022,Programação,25,2022
1215,Programação,38,2022
1752,Técnicas de Venda,36,2024
79,Liderança,31,2022
1371,Gestão de Projetos,33,2021
1028,Design Thinking,21,2022
1407,Gestão de Projetos,32,2022
1335,Design Thinking,16,2021
1636,Técnicas de Venda,36,2020
2410,Técnicas de Venda,4,2024
2394,Design Thinking,11,2021
1523,Técnicas de Venda,4,2023
2139,Design Thinking,37,2024
2099,Programação,26,2021
955,Gestão de Projetos,27,2021
1077,Design Thinking,13,2021
1550,Técnicas de Venda,30,2023
1650,Design Thinking,26,2023
2510,Programação,28,2022
2590,Design Thinking,35,2021
154,Liderança,26,2020
923,Gestão de Projetos,18,2022
2025,Design Thinking,14,2021
827,Programação,22,2023
107,Design Thinking,8,2023
1655,Programação,39,2023
1457,Técnicas de Venda,22,2020
547,Design Thinking,31,2022
964,Programação,34,2021
2303,Gestão de Projetos,4,2024
2864,Liderança,37,2022
872,Design Thinking,17,2021
2770,Design Thinking,22,2020
2805,Programação,12,2022
380,Design Thinking,39,2021
2821,Design Thinking,30,2023
1930,Programação,36,2023
1289,Técnicas de Venda,19,2024
548,Programação,15,2023
1628,Design Thinking,28,2024
2787,Gestão de Projetos,12,2020
2453,Programação,15,2024
138,Liderança,11,2021
2825,Design Thinking,31,2022
713,Técnicas de Venda,26,2023
820,Técnicas de Venda,14,2020
266,Design Thinking,14,2020
1879,Gestão de Projetos,22,2024
383,Gestão de Projetos,5,2020
1965,Design Thinking,7,2024
1419,Design Thinking,33,2021
1811,Design Thinking,29,2022
1410,Liderança,18,2020
1884,Gestão de Projetos,33,2023
1590,Liderança,23,2023
1495,Técnicas de Venda,8,2024
1767,Técnicas de Venda,35,2023
546,Programação,16,2024
207,Programação,26,2020
2855,Liderança,12,2023
289,Técnicas de Venda,16,2020
1551,Gestão de Projetos,9,2020
2629,Gestão de Projetos,32,2020
2107,Liderança,27,2021
2750,Programação,37,2022
657,Programação,20,2024
2018,Design Thinking,12,2020
1510,Programação,31,2024
887,Programação,24,2023
1572,Gestão de Projetos,16,2021
2956,Design Thinking,8,2021
2533,Programação,38,2023
2061,Programação,7,2022
437,Programação,8,2024
2130,Gestão de Projetos,23,2023
1161,Design Thinking,19,2024
1962,Design Thinking,19,2020
1494,Liderança,22,2020
2816,Design Thinking,14,2023
522,Técnicas de Venda,30,2024
986,Liderança,4,2023
1780,Programação,12,2021
1179,Técnicas de Venda,36,2021
789,Liderança,7,2022
996,Gestão de Projetos,34,2022
42,Design Thinking,34,2020
2894,Gestão de Projetos,8,2023
1256,Gestão de Projetos,32,2023
2374,Gestão de Projetos,21,2021
2523,Liderança,28,2021
1541,Design Thinking,4,2020
2690,Programação,13,2024
1377,Técnicas de Venda,5,2021
2233,Design Thinking,15,2023
816,Liderança,40,2021
486,Liderança,9,2020
315,Design Thinking,27,2023
1483,Programação,16,2020
2548,Liderança,37,2022
1991,Gestão de Projetos,17,2022
1041,Liderança,25,2023
2205,Design Thinking,28,2023
2871,Programação,5,2022
2220,Design Thinking,9,2020
1128,Técnicas de Venda,18,2021
2573,Técnicas de Venda,34,2024
2127,Programação,35,2021
1337,Design Thinking,35,2020
2524,Programação,33,2021
2004,Programação,14,2023
2822,Programação,34,2021
387,Design Thinking,27,2024
2996,Design Thinking,5,2020
461,Programação,34,2024
2373,Gestão de Projetos,11,2022
107,Programação,33,2022
2348,Programação,36,2020
1767,Design Thinking,40,2024
2773,Gestão de Projetos,35,2020
933,Gestão de Projetos,35,2020
1770,Técnicas de Venda,4,2024
2212,Gestão de Projetos,6,2021
944,Técnicas de Venda,26,2020
646,Liderança,30,2021
1466,Liderança,6,2021
1060,Liderança,4,2024
2438,Programação,27,2022
1080,Programação,14,2023
336,Técnicas de Venda,29,2024
2631,Design Thinking,38,2020
1617,Gestão de Projetos,21,2022
2205,Liderança,19,2020
2333,Design Thinking,36,2020
1245,Programação,32,2020
1215,Técnicas de Venda,9,2023
586,Técnicas de Venda,19,2021
2398,Técnicas de Venda,24,2023
2926,Design Thinking,34,2020
1434,Gestão de Projetos,28,2024
102,Gestão de Projetos,30,2020
2287,Gestão de Projetos,14,2022
2347,Técnicas de Venda,10,2023
2448,Programação,21,2021
844,Programação,10,2020
2343,Técnicas de Venda,19,2021
1601,Técnicas de Venda,7,2024
938,Gestão de Projetos,28,2023
1459,Técnicas de Venda,7,2020
2723,Gestão de Projetos,14,2020
190,Liderança,38,2023
427,Liderança,19,2021
1562,Design Thinking,7,2022
822,Programação,16,2024
1310,Técnicas de Venda,14,2022
522,Design Thinking,4,2022
2715,Liderança,22,2021
1834,Gestão de Projetos,12,2022
2815,Programação,24,2022
189,Técnicas de Venda,15,2024
1488,Design Thinking,21,2021
255,Design Thinking,4,2022
1947,Programação,36,2023
1885,Programação,19,2021
2317,Programação,5,2023
2336,Gestão de Projetos,33,2021
2194,Programação,40,2024
2298,Programação,27,2023
2178,Programação,28,2023
1284,Gestão de Projetos,14,2024
2290,Liderança,13,2022
1315,Design Thinking,11,2020
2293,Técnicas de Venda,23,2020
453,Design Thinking,25,2024
1353,Programação,26,2021
1540,Gestão de Projetos,9,2020
1632,Liderança,7,2021
1967,Técnicas de Venda,14,2024
2888,Programação,38,2020
1396,Técnicas de Venda,36,2021
1136,Design Thinking,38,2020
2434,Gestão de Projetos,4,2022
1586,Design Thinking,27,2023
1382,Liderança,15,2023
1251,Liderança,5,2024
2392,Liderança,38,2024
2087,Gestão de Projetos,4,2024
1644,Gestão de Projetos,17,2023
1962,Gestão de Projetos,25,2024
715,Liderança,33,2021
1333,Liderança,40,2024
1394,Técnicas de Venda,18,2024
349,Técnicas de Venda,9,2021
1160,Técnicas de Venda,9,2022
2174,Design Thinking,19,2020
1442,Liderança,18,2022
4,Programação,13,2020
2244,Programação,28,2020
2159,Programação,15,2022
371,Técnicas de Venda,14,2022
2825,Liderança,37,2024
2898,Programação,34,2020
301,Gestão de Projetos,23,2021
2008,Gestão de Projetos,40,2021
2395,Técnicas de Venda,35,2020
1816,Gestão de Projetos,40,2024
1638,Gestão de Projetos,29,2024
563,Liderança,23,2022
2780,Técnicas de Venda,14,2023
1485,Técnicas de Venda,16,2024
1140,Design Thinking,40,2021
2987,Liderança,26,2021
444,Liderança,36,2020
2401,Design Thinking,12,2022
2359,Design Thinking,38,2020
703,Programação,5,2023
1712,Liderança,7,2022
2880,Design Thinking,23,2020
2285,Design Thinking,34,2020
2058,Programação,17,2020
2625,Programação,36,2024
934,Design Thinking,40,2024
2584,Design Thinking,7,2024
969,Liderança,28,2024
572,Design Thinking,32,2020
1557,Técnicas de Venda,24,2024
726,Técnicas de Venda,7,2024
2264,Programação,26,2024
545,Programação,26,2021
1161,Técnicas de Venda,31,2021
2927,Gestão de Projetos,23,2020
1668,Design Thinking,31,2022
2119,Programação,23,2024
1842,Gestão de Projetos,37,2022
2196,Design Thinking,24,2020
1766,Gestão de Projetos,9,2022
89,Gestão de Projetos,35,2021
2490,Gestão de Projetos,30,2020
1179,Técnicas de Venda,28,2020
2290,Gestão de Projetos,18,2023
2,Liderança,37,2022
547,Liderança,14,2021
358,Liderança,21,2024
1156,Gestão de Projetos,10,2024
510,Técnicas de Venda,11,2024
1818,Programação,12,2022
1791,Programação,33,2024
897,Liderança,39,2022
1373,Técnicas de Venda,28,2021
661,Design Thinking,32,2023
1411,Programação,18,2022
2343,Técnicas de Venda,29,2020
473,Gestão de Projetos,33,2022
2772,Liderança,40,2023
2571,Programação,18,2024
783,Gestão de Projetos,26,2024
2673,Gestão de Projetos,26,2021
701,Técnicas de Venda,31,2020
2001,Programação,21,2023
513,Liderança,13,2021
1424,Técnicas de Venda,32,2021
2107,Técnicas de Venda,15,2021
1422,Design Thinking,31,2021
2281,Técnicas de Venda,31,2023
246,Design Thinking,9,2020
2260,Programação,23,2023
37,Design Thinking,26,2022
1245,Design Thinking,5,2022
1432,Gestão de Projetos,27,2024
49,Técnicas de Venda,39,2024
628,Design Thinking,16,2023
1268,Gestão de Projetos,40,2021
1544,Técnicas de Venda,10,2023
2750,Design Thinking,40,2024
2746,Design Thinking,11,2020
360,Programação,31,2020
449,Gestão de Projetos,34,2023
1550,Técnicas de Venda,13,2023
2926,Liderança,11,2022
2715,Design Thinking,21,2024
2275,Programação,11,2024
2797,Técnicas de Venda,29,2021
576,Programação,21,2022
2560,Programação,12,2023
2984,Programação,30,2023
2188,Design Thinking,6,2024
1362,Gestão de Projetos,12,2024
2134,Liderança,15,2021
2431,Programação,18,2020
696,Programação,21,2021
1695,Técnicas de Venda,15,2020
2942,Técnicas de Venda,16,2024
1710,Gestão de Projetos,27,2021
2381,Técnicas de Venda,8,2021
1389,Programação,4,2021
881,Técnicas de Venda,18,2023
482,Gestão de Projetos,22,2024
2877,Liderança,16,2024
1652,Técnicas de Venda,33,2022
657,Programação,25,2024
685,Programação,30,2020
328,Gestão de Projetos,5,2023
1534,Gestão de Projetos,37,2021
1255,Programação,8,2021
594,Gestão de Projetos,4,2023
1857,Programação,24,2023
2183,Liderança,33,2021
1561,Técnicas de Venda,5,2023
594,Programação,17,2022
1625,Técnicas de Venda,16,2022
38,Técnicas de Venda,23,2023
1808,Técnicas de Venda,12,2024
411,Liderança,26,2024
2728,Liderança,23,2022
2529,Gestão de Projetos,25,2022
1371,Programação,12,2021
13,Gestão de Projetos,20,2024
559,Design Thinking,39,2020
2694,Gestão de Projetos,23,2021
1316,Gestão de Projetos,32,2023
2868,Design Thinking,23,2024
1956,Programação,25,2020
923,Técnicas de Venda,35,2024
1019,Gestão de Projetos,31,2023
432,Técnicas de Venda,15,2021
922,Gestão de Projetos,19,2024
1673,Liderança,6,2023
2177,Gestão de Projetos,37,2022
556,Liderança,12,2024
2404,Liderança,12,2023
2993,Liderança,16,2023
1408,Técnicas de Venda,7,2024
2176,Programação,9,2024
88,Design Thinking,25,2024
395,Gestão de Projetos,13,2024
207,Técnicas de Venda,15,2023
1837,Design Thinking,18,2021
568,Técnicas de Venda,37,2020
2470,Gestão de Projetos,19,2021
2339,Programação,6,2023
2473,Gestão de Projetos,31,2024
1042,Gestão de Projetos,24,2020
741,Técnicas de Venda,13,2023
1510,Design Thinking,33,2022
2331,Programação,7,2020
2879,Gestão de Projetos,40,2020
2087,Gestão de Projetos,37,2023
1362,Gestão de Projetos,21,2024
1752,Programação,12,2023
2684,Técnicas de Venda,28,2024
1420,Programação,27,2023
32,Técnicas de Venda,31,2021
1508,Técnicas de Venda,36,2024
1372,Programação,30,2022
649,Design Thinking,35,2024
443,Liderança,11,2022
1133,Técnicas de Venda,20,2021
1738,Liderança,12,2022
1831,Técnicas de Venda,20,2023
1154,Programação,27,2022
1339,Design Thinking,33,2023
40,Técnicas de Venda,17,2024
392,Gestão de Projetos,15,2024
1246,Design Thinking,34,2021
2383,Liderança,33,2020
2232,Design Thinking,30,2024
2183,Gestão de Projetos,24,2023
1293,Liderança,7,2021
1136,Programação,24,2021
227,Design Thinking,13,2021
2823,Liderança,35,2021
1662,Gestão de Projetos,31,2024
1106,Gestão de Projetos,5,2023
950,Liderança,10,2023
694,Técnicas de Venda,26,2024
1005,Design Thinking,8,2022
1490,Design Thinking,29,2022
1789,Gestão de Projetos,20,2023
546,Gestão de Projetos,8,2023
2902,Gestão de Projetos,18,2023
2052,Programação,5,2022
1529,Programação,33,2021
2274,Gestão de Projetos,26,2023
407,Design Thinking,25,2020
2005,Técnicas de Venda,10,2022
1811,Liderança,32,2021
2996,Programação,20,2023
1512,Design Thinking,26,2023
2929,Liderança,23,2023
1540,Gestão de Projetos,35,2020
1353,Técnicas de Venda,30,2023
1939,Programação,24,2022
2748,Design Thinking,19,2021
1549,Design Thinking,36,2021
722,Técnicas de Venda,7,2021
1542,Programação,30,2023
1037,Liderança,27,2023
1062,Técnicas de Venda,9,2024
1337,Programação,19,2024
656,Técnicas de Venda,34,2024
2808,Programação,13,2021
209,Técnicas de Venda,9,2021
1325,Técnicas de Venda,9,2023
98,Técnicas de Venda,21,2023
583,Gestão de Projetos,24,2021
433,Liderança,30,2021
1093,Técnicas de Venda,13,2024
1771,Técnicas de Venda,5,2024
2711,Técnicas de Venda,32,2023
501,Técnicas de Venda,37,2023
635,Design Thinking,33,2022
896,Liderança,39,2020
939,Design Thinking,22,2024
158,Gestão de Projetos,25,2021
2604,Técnicas de Venda,13,2024
909,Design Thinking,11,2020
1099,Design Thinking,22,2023
390,Gestão de Projetos,22,2022
1052,Gestão de Projetos,6,2021
1409,Liderança,19,2023
2906,Técnicas de Venda,25,2021
1392,Design Thinking,38,2023
701,Programação,24,2020
2284,Técnicas de Venda,36,2023
2870,Design Thinking,39,2022
413,Técnicas de Venda,39,2022
2051,Gestão de Projetos,5,2022
422,Design Thinking,9,2024
2346,Gestão de Projetos,35,2021
1968,Design Thinking,7,2021
838,Programação,20,2024
1760,Técnicas de Venda,28,2021
1841,Liderança,22,2020
571,Liderança,11,2023
1417,Liderança,37,2024
2535,Técnicas de Venda,40,2021
2900,Gestão de Projetos,17,2024
2463,Design Thinking,23,2023
1747,Programação,32,2022
791,Programação,8,2020
2759,Programação,40,2021
2054,Programação,39,2024
973,Design Thinking,33,2022
339,Gestão de Projetos,40,2022
126,Design Thinking,11,2022
1167,Gestão de Projetos,6,2021
1270,Programação,20,2023
2442,Técnicas de Venda,25,2022
562,Gestão de Projetos,27,2023
815,Técnicas de Venda,33,2021
2476,Técnicas de Venda,34,2021
728,Técnicas de Venda,23,2023
991,Programação,18,2024
1874,Liderança,19,2023
2028,Gestão de Projetos,31,2020
1959,Gestão de Projetos,33,2020
865,Técnicas de Venda,31,2020
676,Liderança,26,2022
1583,Liderança,12,2022
859,Design Thinking,31,2020
1384,Programação,32,2024
2832,Gestão de Projetos,26,2023
2196,Liderança,8,2020
1276,Programação,32,2024
991,Liderança,28,2023
2145,Design Thinking,29,2022
66,Design Thinking,7,2022
2229,Programação,24,2024
298,Design Thinking,34,2021
2923,Técnicas de Venda,4,2023
848,Programação,14,2022
2003,Programação,15,2022
2295,Gestão de Projetos,31,2024
692,Liderança,7,2023
2879,Design Thinking,40,2023
1152,Gestão de Projetos,6,2020
202,Gestão de Projetos,18,2020
2279,Liderança,23,2022
2678,Programação,32,2023
2200,Liderança,34,2024
1216,Gestão de Projetos,39,2020
218,Programação,11,2021
2365,Programação,36,2024
1516,Programação,21,2020
1483,Design Thinking,35,2020
13,Design Thinking,29,2022
2844,Liderança,22,2022
2153,Técnicas de Venda,12,2021
2495,Liderança,6,2023
2718,Liderança,23,2022
2027,Design Thinking,29,2023
2182,Liderança,31,2023
1038,Programação,11,2023
719,Gestão de Projetos,33,2024
1141,Liderança,12,2023
2916,Design Thinking,15,2024
1289,Gestão de Projetos,23,2021
694,Programação,4,2021
2314,Gestão de Projetos,33,2021
107,Técnicas de Venda,7,2022
2445,Técnicas de Venda,7,2022
2851,Liderança,9,2020
413,Liderança,29,2023
1562,Liderança,7,2022
2213,Design Thinking,20,2024
643,Liderança,25,2023
1658,Gestão de Projetos,34,2023
1424,Programação,19,2023
580,Design Thinking,7,2020
2630,Técnicas de Venda,28,2022
2255,Design Thinking,9,2022
2060,Liderança,31,2023
517,Programação,5,2020
2975,Liderança,20,2020
2510,Gestão de Projetos,40,2022
1171,Design Thinking,40,2020
2478,Programação,40,2021
1139,Técnicas de Venda,35,2021
1125,Liderança,23,2020
2713,Técnicas de Venda,21,2020
2560,Gestão de Projetos,13,2021
880,Programação,11,2023
1334,Técnicas de Venda,37,2020
372,Design Thinking,18,2020
2234,Programação,36,2023
1763,Técnicas de Venda,6,2020
2524,Programação,17,2022
389,Design Thinking,7,2024
377,Gestão de Projetos,31,2022
2151,Técnicas de Venda,29,2021
1071,Design Thinking,38,2020
2386,Programação,16,2022
2724,Design Thinking,30,2024
1947,Liderança,15,2021
1029,Gestão de Projetos,11,2021
80,Gestão de Projetos,16,2021
2886,Gestão de Projetos,17,2022
1999,Técnicas de Venda,22,2021
2044,Programação,6,2020
243,Design Thinking,31,2021
708,Programação,38,2022
559,Liderança,20,2024
414,Liderança,33,2022
138,Técnicas de Venda,16,2024
429,Técnicas de Venda,39,2024
876,Liderança,8,2021
960,Programação,37,2022
179,Design Thinking,39,2021
2263,Liderança,5,2020
1486,Design Thinking,8,2021
2608,Design Thinking,38,2020
907,Gestão de Projetos,25,2020
2187,Técnicas de Venda,11,2024
2806,Técnicas de Venda,14,2023
104,Liderança,31,2024
1780,Gestão de Projetos,23,2022
2858,Programação,32,2023
1805,Liderança,9,2021
1528,Design Thinking,23,2024
160,Liderança,34,2022
1389,Gestão de Projetos,19,2024
2151,Design Thinking,33,2021
1105,Design Thinking,33,2023
1697,Técnicas de Venda,21,2024
1421,Programação,29,2020
1440,Design Thinking,24,2020
2820,Técnicas de Venda,38,2021
24,Liderança,10,2023
1259,Programação,34,2022
1016,Gestão de Projetos,18,2022
1249,Programação,23,2020
880,Técnicas de Venda,38,2020
118,Liderança,34,2024
574,Programação,5,2022
591,Liderança,20,2021
1321,Técnicas de Venda,4,2023
1378,Gestão de Projetos,28,2020
849,Liderança,22,2021
2327,Liderança,40,2021
2668,Liderança,9,2023
31,Liderança,35,2024
2545,Técnicas de Venda,4,2020
1315,Liderança,40,2022
2411,Programação,37,2021
2322,Técnicas de Venda,19,2022
1616,Técnicas de Venda,12,2020
1768,Técnicas de Venda,39,2021
35,Programação,21,2020
420,Design Thinking,28,2023
955,Design Thinking,35,2024
2279,Programação,23,2021
425,Técnicas de Venda,39,2022
2475,Técnicas de Venda,29,2020
1047,Design Thinking,12,2022
343,Programação,6,2020
2219,Programação,36,2021
1356,Técnicas de Venda,36,2020
85,Programação,36,2023
2018,Gestão de Projetos,20,2020
492,Design Thinking,25,2023
1084,Gestão de Projetos,32,2020
1049,Gestão de Projetos,32,2024
2869,Gestão de Projetos,26,2021
667,Gestão de Projetos,33,2020
1175,Liderança,30,2023
2864,Liderança,19,2020
1076,Técnicas de Venda,35,2023
2789,Programação,35,2022
1538,Programação,16,2021
1532,Design Thinking,22,2024
1583,Programação,4,2021
170,Gestão de Projetos,25,2022
2315,Design Thinking,20,2022
1999,Técnicas de Venda,16,2023
1871,Gestão de Projetos,35,2023
288,Design Thinking,20,2020
1743,Técnicas de Venda,8,2022
2731,Técnicas de Venda,31,2024
944,Liderança,35,2024
379,Gestão de Projetos,37,2021
2893,Liderança,27,2022
1644,Técnicas de Venda,12,2024
163,Liderança,27,2023
2019,Programação,10,2021
345,Técnicas de Venda,23,2022
566,Gestão de Projetos,9,2020
2565,Técnicas de Venda,12,2021
110,Design Thinking,7,2024
492,Design Thinking,31,2020
2670,Liderança,6,2023
2728,Programação,8,2022
747,Técnicas de Venda,28,2024
263,Técnicas de Venda,13,2024
1441,Liderança,33,2022
1707,Programação,22,2022
859,Design Thinking,22,2022
457,Liderança,15,2020
2377,Gestão de Projetos,5,2021
2070,Design Thinking,7,2023
1153,Gestão de Projetos,25,2022
1379,Design Thinking,4,2023
1533,Gestão de Projetos,39,2021
465,Técnicas de Venda,40,2023
1655,Programação,28,2023
538,Técnicas de Venda,13,2020
2459,Gestão de Projetos,9,2021
2263,Design Thinking,31,2021
1382,Liderança,27,2020
2892,Gestão de Projetos,30,2021
14,Liderança,11,2021
2511,Gestão de Projetos,23,2021
1352,Programação,36,2020
2734,Gestão de Projetos,15,2022
1226,Técnicas de Venda,22,2023
112,Programação,20,2020
2294,Gestão de Projetos,29,2023
1974,Técnicas de Venda,29,2023
1224,Gestão de Projetos,29,2022
674,Programação,11,2021
1828,Técnicas de Venda,25,2020
1361,Gestão de Projetos,25,2024
2590,Liderança,9,2022
781,Programação,32,2020
505,Técnicas de Venda,5,2021
46,Programação,35,2022
2942,Técnicas de Venda,9,2023
2632,Gestão de Projetos,30,2023
1047,Programação,7,2021
1678,Liderança,24,2024
1695,Programação,18,2022
1197,Programação,20,2020
2087,Programação,29,2021
2522,Gestão de Projetos,28,2021
1920,Design Thinking,8,2020
214,Gestão de Projetos,20,2023
1864,Design Thinking,26,2020
833,Gestão de Projetos,17,2022
2964,Liderança,17,2022
275,Design Thinking,11,2024
680,Design Thinking,7,2022
2950,Programação,29,2021
508,Gestão de Projetos,6,2021
835,Design Thinking,6,2022
2210,Design Thinking,36,2022
1350,Programação,24,2024
2102,Técnicas de Venda,23,2024
2921,Design Thinking,12,2022
2508,Técnicas de Venda,22,2023
2248,Gestão de Projetos,24,2020
3000,Programação,24,2021
238,Liderança,33,2021
2780,Liderança,10,2024
862,Programação,7,2020
2547,Liderança,36,2022
1206,Liderança,6,2024
426,Programação,37,2020
2462,Técnicas de Venda,7,2024
599,Programação,11,2023
2540,Técnicas de Venda,38,2024
757,Design Thinking,12,2021
440,Liderança,28,2023
2197,Técnicas de Venda,37,2021
153,Liderança,39,2024
777,Técnicas de Venda,30,2023
1622,Design Thinking,39,2022
2175,Design Thinking,27,2020
1670,Programação,19,2022
1191,Programação,23,2024
2904,Técnicas de Venda,39,2023
535,Técnicas de Venda,14,2022
1665,Programação,12,2021
1979,Técnicas de Venda,14,2024
811,Gestão de Projetos,40,2021
1753,Técnicas de Venda,24,2023
1909,Liderança,25,2021
855,Técnicas de Venda,27,2021
1518,Design Thinking,18,2021
368,Gestão de Projetos,21,2021
280,Design Thinking,29,2020
1862,Técnicas de Venda,11,2021
2396,Gestão de Projetos,10,2021
2752,Liderança,26,2024
333,Gestão de Projetos,40,2024
628,Técnicas de Venda,27,2024
2637,Programação,32,2020
502,Programação,39,2021
400,Programação,13,2022
1205,Design Thinking,29,2022
2207,Liderança,38,2024
2624,Liderança,19,2021
1809,Programação,36,2024
1170,Design Thinking,16,2024
2902,Liderança,38,2020
857,Programação,27,2024
795,Design Thinking,12,2022
972,Técnicas de Venda,25,2022
2456,Programação,5,2024
1227,Gestão de Projetos,33,2022
772,Liderança,5,2023
1302,Programação,33,2022
112,Programação,32,2022
1805,Design Thinking,37,2021
2770,Técnicas de Venda,25,2023
1538,Gestão de Projetos,13,2022
1074,Técnicas de Venda,31,2020
1654,Gestão de Projetos,11,2021
163,Programação,34,2022
1265,Gestão de Projetos,17,2022
392,Design Thinking,26,2024
1338,Design Thinking,15,2022
817,Gestão de Projetos,11,2023
156,Gestão de Projetos,22,2023
1579,Técnicas de Venda,36,2024
2841,Gestão de Projetos,33,2021
544,Programação,5,2023
464,Técnicas de Venda,21,2020
2098,Programação,20,2022
1710,Liderança,11,2024
1975,Técnicas de Venda,8,2024
2446,Design Thinking,27,2020
2054,Técnicas de Venda,5,2020
1533,Design Thinking,18,2020
2884,Design Thinking,23,2020
2715,Programação,8,2021
557,Técnicas de Venda,10,2024
1396,Gestão de Projetos,29,2023
897,Técnicas de Venda,34,2020
2369,Gestão de Projetos,32,2024
62,Técnicas de Venda,40,2021
1962,Design Thinking,7,2021
640,Técnicas de Venda,34,2021
1586,Liderança,14,2024
90,Programação,28,2020
614,Gestão de Projetos,38,2021
892,Programação,40,2022
66,Gestão de Projetos,33,2021
2042,Técnicas de Venda,27,2021
1399,Técnicas de Venda,28,2021
2874,Gestão de Projetos,23,2023
845,Gestão de Projetos,16,2022
2467,Liderança,21,2024
1501,Liderança,31,2023
2868,Liderança,27,2020
187,Liderança,25,2024
1384,Programação,18,2021
1411,Liderança,15,2020
1104,Técnicas de Venda,26,2023
2649,Design Thinking,35,2022
1617,Gestão de Projetos,35,2021
2923,Design Thinking,23,2020
2092,Gestão de Projetos,20,2024
2611,Programação,18,2022
2255,Liderança,38,2022
739,Design Thinking,10,2021
2714,Gestão de Projetos,15,2020
2140,Gestão de Projetos,16,2024
1068,Liderança,37,2021
287,Design Thinking,6,2024
1797,Programação,39,2023
174,Design Thinking,7,2021
1610,Gestão de Projetos,21,2021
1639,Gestão de Projetos,15,2023
1803,Design Thinking,23,2024
1728,Gestão de Projetos,17,2023
2485,Gestão de Projetos,7,2024
1462,Liderança,31,2020
1583,Design Thinking,26,2022
2178,Programação,36,2020
206,Design Thinking,21,2022
2799,Técnicas de Venda,32,2022
2033,Técnicas de Venda,23,2022
2307,Programação,7,2020
670,Design Thinking,13,2021
406,Gestão de Projetos,31,2020
1835,Liderança,37,2020
598,Gestão de Projetos,31,2021
1358,Design Thinking,11,2022
1127,Técnicas de Venda,33,2023
2574,Gestão de Projetos,27,2023
2371,Programação,35,2024
165,Programação,6,2024
2703,Design Thinking,13,2024
1876,Técnicas de Venda,23,2023
1053,Gestão de Projetos,33,2023
1155,Gestão de Projetos,13,2020
2823,Gestão de Projetos,38,2023
200,Liderança,31,2022
2632,Técnicas de Venda,34,2020
1584,Programação,11,2024
375,Programação,19,2024
1975,Programação,19,2023
1105,Gestão de Projetos,38,2024
2251,Design Thinking,39,2024
2529,Gestão de Projetos,22,2020
988,Design Thinking,37,2024
595,Liderança,22,2020
387,Design Thinking,17,2022
2503,Gestão de Projetos,35,2024
801,Liderança,8,2024
2436,Técnicas de Venda,14,2024
1051,Gestão de Projetos,33,2023
959,Gestão de Projetos,20,2021
1098,Liderança,15,2024
1336,Gestão de Projetos,13,2022
1074,Gestão de Projetos,14,2022
789,Design Thinking,7,2023
1222,Design Thinking,32,2022
637,Liderança,14,2023
2545,Programação,7,2021
1176,Técnicas de Venda,15,2021
1255,Liderança,12,2024
319,Programação,15,2021
2945,Técnicas de Venda,9,2022
1163,Gestão de Projetos,10,2020
2266,Técnicas de Venda,5,2023
792,Técnicas de Venda,34,2020
360,Design Thinking,30,2021
2098,Programação,5,2024
719,Programação,38,2020
590,Programação,34,2023
393,Programação,29,2024
894,Técnicas de Venda,17,2023
2157,Programação,17,2022
278,Programação,29,2024
1074,Programação,24,2024
533,Técnicas de Venda,19,2024
893,Programação,26,2023
2279,Programação,9,2024
2184,Design Thinking,37,2021
446,Programação,17,2022
1473,Técnicas de Venda,16,2020
2742,Gestão de Projetos,5,2022
2630,Design Thinking,30,2024
2350,Programação,5,2021
215,Liderança,21,2021
2088,Gestão de Projetos,35,2023
2321,Design Thinking,4,2022
784,Técnicas de Venda,19,2024
1952,Técnicas de Venda,35,2021
461,Gestão de Projetos,35,2021
2538,Técnicas de Venda,21,2021
2587,Técnicas de Venda,17,2022
81,Gestão de Projetos,22,2022
2616,Técnicas de Venda,24,2020
1980,Liderança,24,2024
1986,Gestão de Projetos,9,2020
609,Design Thinking,18,2024
1758,Técnicas de Venda,7,2021
2305,Programação,36,2024
2304,Técnicas de Venda,14,2020
264,Técnicas de Venda,6,2022
593,Técnicas de Venda,9,2020
386,Gestão de Projetos,26,2022
439,Técnicas de Venda,33,2022
652,Gestão de Projetos,9,2024
2473,Liderança,30,2020
2189,Liderança,21,2021
2252,Programação,38,2024
1893,Design Thinking,37,2024
2777,Programação,35,2021
466,Programação,32,2023
1496,Técnicas de Venda,22,2024
2547,Gestão de Projetos,36,2021
1244,Técnicas de Venda,13,2024
2686,Programação,12,2024
489,Gestão de Projetos,11,2021
991,Liderança,8,2021
2104,Gestão de Projetos,17,2023
788,Gestão de Projetos,32,2020
2239,Técnicas de Venda,32,2023
1567,Design Thinking,6,2021
1492,Técnicas de Venda,15,2024
1825,Gestão de Projetos,10,2024
2802,Programação,25,2024
1823,Liderança,8,2023
2027,Gestão de Projetos,18,2020
1262,Design Thinking,27,2020
2622,Liderança,38,2022
2693,Gestão de Projetos,27,2021
2268,Gestão de Projetos,33,2023
1834,Técnicas de Venda,8,2021
938,Design Thinking,36,2024
1032,Design Thinking,16,2024
1312,Design Thinking,33,2022
95,Programação,38,2022
794,Liderança,36,2024
204,Programação,10,2020
1512,Técnicas de Venda,17,2024
2948,Técnicas de Venda,38,2023
2825,Liderança,6,2023
1308,Design Thinking,14,2021
1255,Gestão de Projetos,26,2022
58,Liderança,25,2020
1710,Gestão de Projetos,33,2021
1341,Gestão de Projetos,25,2022
596,Programação,17,2024
1378,Programação,9,2021
1424,Design Thinking,21,2021
2996,Técnicas de Venda,27,2024
1118,Gestão de Projetos,30,2020
2067,Técnicas de Venda,17,2024
2943,Programação,32,2022
824,Liderança,34,2022
991,Design Thinking,20,2022
337,Design Thinking,9,2024
1288,Design Thinking,4,2022
1291,Design Thinking,4,2023
2179,Gestão de Projetos,40,2023
676,Design Thinking,4,2022
2534,Design Thinking,27,2024
1709,Gestão de Projetos,22,2022
1889,Técnicas de Venda,29,2022
1974,Design Thinking,13,2024
1719,Técnicas de Venda,22,2021
1165,Design Thinking,29,2024
1036,Gestão de Projetos,15,2024
1725,Liderança,17,2020
1412,Design Thinking,13,2021
1984,Gestão de Projetos,18,2020
719,Gestão de Projetos,33,2021
2370,Liderança,25,2024
582,Gestão de Projetos,26,2020
2445,Liderança,20,2023
412,Técnicas de Venda,13,2022
1661,Design Thinking,4,2021
2199,Design Thinking,4,2023
1618,Design Thinking,20,2023
874,Liderança,28,2023
1906,Gestão de Projetos,13,2021
715,Liderança,36,2023
611,Design Thinking,20,2024
497,Gestão de Projetos,7,2021
1487,Técnicas de Venda,32,2022
2904,Técnicas de Venda,21,2021
2700,Técnicas de Venda,33,2023
249,Técnicas de Venda,30,2021
393,Liderança,15,2024
235,Liderança,30,2022
2316,Design Thinking,33,2020
208,Técnicas de Venda,4,2021
1038,Liderança,8,2022
1061,Design Thinking,25,2022
2068,Liderança,40,2024
1401,Gestão de Projetos,33,2021
1603,Design Thinking,15,2021
1536,Gestão de Projetos,24,2022
1555,Design Thinking,10,2020
1473,Programação,15,2021
1200,Design Thinking,30,2023
46,Design Thinking,39,2020
559,Técnicas de Venda,34,2021
1234,Design Thinking,39,2023
2629,Programação,8,2021
1999,Design Thinking,22,2024
2775,Design Thinking,18,2023
1369,Design Thinking,16,2024
1204,Técnicas de Venda,16,2024
2353,Design Thinking,25,2023
1810,Técnicas de Venda,7,2023
2131,Design Thinking,35,2022
516,Liderança,4,2024
1048,Liderança,19,2021
2979,Técnicas de Venda,22,2024
1132,Técnicas de Venda,22,2021
2559,Design Thinking,13,2024
1519,Design Thinking,4,2023
1707,Técnicas de Venda,25,2024
1176,Gestão de Projetos,21,2023
2804,Gestão de Projetos,26,2023
810,Design Thinking,17,2021
2751,Liderança,29,2020
912,Programação,20,2022
842,Programação,24,2024
2093,Liderança,10,2022
482,Programação,16,2023
1956,Técnicas de Venda,35,2021
2811,Gestão de Projetos,29,2021
638,Design Thinking,8,2024
251,Gestão de Projetos,9,2020
2337,Liderança,14,2020
1322,Liderança,5,2023
2433,Liderança,14,2023
857,Técnicas de Venda,23,2020
40,Liderança,5,2023
825,Design Thinking,31,2022
1532,Liderança,9,2023
1361,Liderança,18,2023
344,Gestão de Projetos,39,2021
2086,Design Thinking,19,2020
2431,Liderança,33,2024
822,Design Thinking,30,2021
513,Liderança,18,2022
2870,Técnicas de Venda,29,2022
2741,Design Thinking,28,2022
743,Técnicas de Venda,18,2023
1931,Programação,19,2023
775,Gestão de Projetos,35,2021
355,Gestão de Projetos,4,2024
1048,Gestão de Projetos,25,2021
1568,Design Thinking,31,2022
332,Liderança,11,2021
2159,Design Thinking,35,2022
91,Técnicas de Venda,15,2021
750,Liderança,35,2022
2167,Liderança,20,2023
2248,Design Thinking,21,2023
2060,Liderança,40,2023
1446,Gestão de Projetos,20,2024
2062,Programação,29,2020
589,Liderança,24,2021
32,Programação,28,2022
1728,Design Thinking,34,2022
1263,Liderança,39,2022
896,Técnicas de Venda,4,2021
1887,Programação,38,2023
884,Programação,4,2024
1970,Liderança,38,2023
1413,Técnicas de Venda,38,2022
1810,Gestão de Projetos,33,2022
660,Gestão de Projetos,36,2022
1067,Liderança,21,2021
2055,Gestão de Projetos,22,2020
2730,Gestão de Projetos,24,2020
190,Programação,6,2022
2713,Técnicas de Venda,19,2022
2540,Design Thinking,14,2022
856,Gestão de Projetos,17,2020
1858,Gestão de Projetos,13,2023
329,Liderança,9,2024
1842,Design Thinking,18,2023
144,Gestão de Projetos,14,2020
1380,Design Thinking,34,2020
2718,Técnicas de Venda,39,2021
1799,Gestão de Projetos,34,2021
2558,Gestão de Projetos,16,2023
396,Técnicas de Venda,27,2024
1741,Liderança,39,2022
24,Design Thinking,24,2021
2927,Técnicas de Venda,23,2020
1290,Programação,8,2022
2653,Gestão de Projetos,37,2023
1293,Programação,27,2020
1785,Programação,33,2023
1736,Programação,38,2022
661,Liderança,6,2023
1951,Design Thinking,6,2022
1354,Programação,5,2024
2806,Design Thinking,10,2024
2969,Programação,4,2021
673,Design Thinking,6,2023
540,Programação,8,2023
1382,Técnicas de Venda,5,2021
923,Programação,20,2023
1170,Design Thinking,5,2020
1348,Técnicas de Venda,14,2024
1421,Técnicas de Venda,8,2023
889,Liderança,26,2023
1742,Programação,28,2021
986,Técnicas de Venda,23,2023
2988,Gestão de Projetos,40,2024
1015,Design Thinking,4,2023
1377,Gestão de Projetos,33,2024
1323,Liderança,38,2022
141,Design Thinking,35,2022
1121,Gestão de Projetos,11,2020
1561,Técnicas de Venda,28,2021
388,Gestão de Projetos,4,2023
2870,Design Thinking,31,2020
1884,Gestão de Projetos,13,2023
2328,Técnicas de Venda,12,2022
1329,Gestão de Projetos,24,2023
2372,Design Thinking,21,2024
2184,Gestão de Projetos,39,2020
2710,Design Thinking,7,2020
1289,Programação,13,2021
813,Técnicas de Venda,24,2020
355,Programação,5,2023
2297,Liderança,4,2024
1854,Design Thinking,34,2023
66,Gestão de Projetos,6,2024
1833,Liderança,16,2020
1470,Programação,30,2021
1113,Gestão de Projetos,39,2020
866,Gestão de Projetos,16,2023
435,Técnicas de Venda,28,2020
1664,Liderança,36,2023
1137,Gestão de Projetos,35,2021
2554,Gestão de Projetos,6,2023
275,Programação,26,2024
1548,Gestão de Projetos,31,2020
2192,Técnicas de Venda,37,2022
888,Técnicas de Venda,38,2021
1292,Liderança,30,2024
2740,Design Thinking,16,2020
193,Liderança,15,2021
877,Programação,14,2022
418,Liderança,37,2022
896,Programação,5,2024
560,Gestão de Projetos,8,2022
1057,Programação,22,2022
2405,Gestão de Projetos,37,2022
1104,Técnicas de Venda,5,2021
1399,Design Thinking,5,2022
617,Design Thinking,7,2022
1447,Liderança,8,2021
194,Design Thinking,27,2024
693,Design Thinking,33,2024
1850,Programação,21,2022
925,Técnicas de Venda,36,2021
980,Programação,34,2022
1798,Liderança,31,2020
238,Gestão de Projetos,38,2022
2276,Design Thinking,10,2021
2258,Design Thinking,30,2024
2000,Liderança,12,2022
1044,Liderança,22,2020
1758,Design Thinking,16,2023
852,Liderança,7,2023
665,Design Thinking,21,2023
2161,Programação,17,2023
2787,Técnicas de Venda,36,2021
1995,Programação,33,2022
817,Design Thinking,17,2021
1403,Liderança,5,2020
2926,Liderança,16,2021
1632,Programação,19,2024
520,Design Thinking,16,2021
1477,Programação,34,2022
1369,Técnicas de Venda,11,2021
2111,Liderança,23,2022
483,Gestão de Projetos,12,2022
1939,Gestão de Projetos,22,2023
2961,Gestão de Projetos,28,2022
1072,Liderança,19,2022
1804,Liderança,9,2021
325,Programação,11,2024
2491,Programação,31,2021
1652,Liderança,7,2020
1450,Design Thinking,13,2023
601,Design Thinking,4,2023
2484,Técnicas de Venda,27,2022
1120,Gestão de Projetos,29,2023
2646,Programação,26,2022
2298,Técnicas de Venda,27,2024
13,Gestão de Projetos,17,2024
2243,Design Thinking,26,2024
1130,Gestão de Projetos,40,2021
1646,Programação,11,2022
1385,Programação,31,2024
49,Técnicas de Venda,37,2020
2650,Design Thinking,17,2021
1199,Técnicas de Venda,35,2024
801,Programação,9,2024
1812,Design Thinking,18,2023
1387,Programação,31,2021
572,Técnicas de Venda,17,2024
2590,Gestão de Projetos,23,2024
2687,Programação,24,2023
1239,Gestão de Projetos,16,2024
1128,Técnicas de Venda,8,2022
2438,Programação,18,2024
692,Programação,26,2022
913,Programação,24,2022
1267,Liderança,35,2024
1102,Gestão de Projetos,27,2021
1571,Liderança,36,2022
851,Design Thinking,27,2023
2193,Liderança,26,2020
1106,Liderança,32,2022
2404,Técnicas de Venda,8,2023
1328,Design Thinking,40,2020
26,Liderança,16,2020
2939,Técnicas de Venda,37,2024
2964,Liderança,29,2022
1912,Técnicas de Venda,20,2020
1955,Programação,14,2024
2849,Gestão de Projetos,35,2023
909,Gestão de Projetos,37,2022
455,Técnicas de Venda,32,2023
442,Técnicas de Venda,31,2024
744,Gestão de Projetos,39,2021
343,Técnicas de Venda,20,2021
1692,Técnicas de Venda,15,2021
2644,Técnicas de Venda,16,2024
978,Gestão de Projetos,7,2020
495,Programação,40,2020
694,Gestão de Projetos,24,2021
723,Técnicas de Venda,5,2024
1184,Programação,14,2023
242,Liderança,11,2023
244,Design Thinking,28,2022
1673,Design Thinking,6,2024
1424,Gestão de Projetos,14,2022
1918,Programação,15,2021
843,Gestão de Projetos,21,2022
306,Programação,22,2020
1897,Liderança,39,2020
1065,Gestão de Projetos,23,2021
2205,Gestão de Projetos,7,2024
697,Programação,13,2024
872,Gestão de Projetos,33,2024
485,Técnicas de Venda,8,2020
2029,Design Thinking,8,2024
2425,Programação,38,2023
2030,Design Thinking,22,2024
1110,Liderança,9,2021
684,Programação,13,2022
2856,Gestão de Projetos,10,2023
224,Programação,39,2023
2539,Programação,26,2022
934,Liderança,18,2021
2541,Técnicas de Venda,6,2023
2778,Design Thinking,37,2023
1016,Programação,30,2024
161,Design Thinking,6,2020
557,Técnicas de Venda,17,2022
241,Gestão de Projetos,7,2023
189,Gestão de Projetos,14,2023
2869,Técnicas de Venda,20,2020
744,Design Thinking,21,2024
2268,Gestão de Projetos,9,2020
438,Programação,8,2021
418,Design Thinking,22,2023
2476,Liderança,31,2021
1246,Programação,40,2021
1945,Design Thinking,16,2022
1721,Programação,20,2021
2703,Gestão de Projetos,15,2022
2368,Gestão de Projetos,25,2023
843,Gestão de Projetos,6,2020
2332,Design Thinking,39,2020
1603,Programação,19,2024
948,Gestão de Projetos,17,2023
1675,Técnicas de Venda,22,2021
937,Design Thinking,8,2022
2359,Design Thinking,23,2023
751,Design Thinking,33,2021
1834,Gestão de Projetos,27,2023
2130,Programação,28,2021
2966,Design Thinking,18,2020
704,Programação,7,2021
1992,Gestão de Projetos,9,2022
1775,Técnicas de Venda,8,2023
2360,Técnicas de Venda,22,2020
1588,Técnicas de Venda,27,2020
2902,Técnicas de Venda,13,2024
2091,Design Thinking,17,2021
2292,Gestão de Projetos,4,2024
2661,Técnicas de Venda,8,2021
201,Design Thinking,34,2023
1218,Programação,10,2024
1562,Técnicas de Venda,33,2022
1930,Técnicas de Venda,30,2023
1036,Programação,12,2023
443,Gestão de Projetos,17,2021
1396,Liderança,14,2020
2626,Programação,39,2020
1929,Liderança,6,2023
1580,Técnicas de Venda,19,2024
2521,Programação,16,2021
2297,Programação,18,2022
2222,Design Thinking,22,2020
2249,Técnicas de Venda,26,2021
696,Design Thinking,16,2022
1212,Liderança,24,2020
714,Liderança,8,2022
2785,Gestão de Projetos,25,2021
2014,Gestão de Projetos,37,2024
1278,Design Thinking,5,2024
1495,Gestão de Projetos,6,2020
119,Técnicas de Venda,33,2020
443,Gestão de Projetos,9,2022
110,Liderança,10,2021
540,Programação,22,2024
329,Liderança,24,2021
406,Programação,30,2021
1561,Gestão de Projetos,37,2020
2444,Liderança,6,2022
347,Design Thinking,35,2022
1138,Técnicas de Venda,39,2024
1162,Gestão de Projetos,38,2021
1405,Programação,15,2020
724,Liderança,11,2024
707,Design Thinking,4,2020
2811,Gestão de Projetos,6,2020
1878,Programação,13,2021
293,Design Thinking,16,2024
2741,Design Thinking,32,2020
1198,Design Thinking,36,2021
2651,Design Thinking,39,2022
2485,Programação,13,2020
692,Técnicas de Venda,13,2024
1707,Técnicas de Venda,20,2023
1216,Design Thinking,34,2020
917,Design Thinking,18,2022
662,Design Thinking,17,2024
1441,Gestão de Projetos,7,2021
1900,Programação,16,2021
2982,Programação,28,2020
236,Gestão de Projetos,37,2024
1425,Design Thinking,28,2022
777,Técnicas de Venda,9,2022
106,Técnicas de Venda,36,2024
2909,Liderança,36,2024
2912,Técnicas de Venda,21,2020
1561,Técnicas de Venda,6,2023
873,Design Thinking,39,2022
1056,Técnicas de Venda,26,2024
2594,Gestão de Projetos,28,2021
1568,Programação,29,2022
1514,Programação,14,2023
1731,Liderança,14,2021
2396,Programação,17,2024
706,Liderança,7,2020
2491,Liderança,22,2024
2225,Gestão de Projetos,23,2020
2588,Programação,21,2023
2828,Design Thinking,22,2024
2291,Gestão de Projetos,35,2022
892,Programação,25,2022
1546,Técnicas de Venda,12,2020
1536,Programação,5,2023
1785,Design Thinking,10,2021
1755,Design Thinking,12,2020
2007,Programação,36,2024
2799,Design Thinking,40,2020
2989,Técnicas de Venda,19,2023
2301,Técnicas de Venda,24,2020
2753,Gestão de Projetos,19,2024
1614,Técnicas de Venda,30,2021
618,Liderança,24,2021
31,Gestão de Projetos,30,2023
1250,Gestão de Projetos,21,2023
2589,Programação,9,2021
2868,Programação,34,2021
2622,Gestão de Projetos,6,2020
2270,Liderança,28,2023
2714,Técnicas de Venda,40,2021
2783,Gestão de Projetos,22,2022
1211,Design Thinking,33,2023
825,Design Thinking,27,2021
1424,Programação,40,2024
780,Gestão de Projetos,25,2023
267,Programação,34,2020
2134,Gestão de Projetos,26,2021
853,Técnicas de Venda,36,2023
1689,Técnicas de Venda,38,2022
492,Liderança,29,2022
233,Programação,8,2020
